t026r20w4fi01,1848
t026r21w4fi01,1863
t026r21w4fi02,1848
t026r22w4fi01,0
t027r20w4fi01,1848
t027r20w4fi02,1848
t027r21w4fi01,1854
t027r22w4fc01,0
t027r22w4fi02,1854
t027r22w4fi03,1848
t027r23w4fi01,1854
t027r24w4fi01,1854
t027r24w4fi03,1854
t027r24w4fm02,1854
t028r20w4fi01,1848
t028r20w4fi02,1848
t028r21w4fi01,1848
t028r22w4fc03,0
t028r22w4fc04,0
t028r22w4fi01,1856
t028r22w4fi02,1854
t028r23w4fc01,0
t028r23w4fd05,1997
t028r23w4fi02,1858
t028r23w4fi04,1848
t028r23w4fm03,1858
t028r24w4fi01,1854
t028r24w4fi03,1854
t028r24w4fm02,1854
t029r20w4fi01,1848
t029r20w4fi02,1848
t029r21w4fi01,1848
t029r22w4fi01,1856
t029r22w4fi02,1848
t029r23w4fi01,1854
t029r23w4fi02,1854
t029r24w4fc01,1876
t029r24w4fi02,1885
t029r24w4fi04,1856
t029r24w4fm03,1885
t030r20w4fi01,1848
t030r20w4fi02,1855
t030r20w4fl04,1963
t030r20w4fl05,1963
t030r20w4fm03,1855
t030r21w4fi01,1862
t030r22w4fi01,1856
t030r22w4fm02,1856
t030r23w4fi01,1848
t030r24w4fi01,1872
t030r24w4fi02,1854
t031r19w4fi01,1857
t031r20w4fi01,1848
t031r20w4fl03,1999
t031r20w4fm02,1848
t031r21w4fi01,1848
t031r21w4fl02,1959
t031r22w4fi01,1848
t031r22w4fm02,1848
t031r23w4fi01,1848
t031r24w4fi01,1848
t031r25w4fi01,1851
t032r19w4fi01,1857
t032r20w4fi01,1848
t032r20w4fi03,1848
t032r20w4fm02,1848
t032r21w4fi01,1848
t032r22w4fi01,1848
t032r23w4fi01,1855
t032r23w4fl02,1920
t032r24w4fi01,1855
t032r24w4fm02,1855
t032r25w4fi01,1883
t032r25w4fm02,1883
t032r26w4fi01,1851
t032r27w4fi01,1851
t032r28w4fi01,1851
t033r19w4fi01,1853
t033r19w4fi02,1853
t033r19w4fi03,1848
t033r19w4fl04,1951
t033r19w4fm05,1853
t033r20w4fi01,1848
t033r20w4fi03,1903
t033r20w4fl04,1903
t033r20w4fm02,1848
t033r21w4fi01,1849
t033r22w4fi01,1857
t033r22w4fm02,1857
t033r23w4fi01,1857
t033r24w4fi01,1888
t033r24w4fl02,1888
t033r25w4fi01,1855
t033r26w4fi01,1851
t033r27w4fi01,1851
t033r28w4fi01,1851
t033r29w4fi01,1851
t034r18w4fi01,1850
t034r18w4fi02,1848
t034r19w4fi01,1848
t034r19w4fi02,1848
t034r20w4fi01,1848
t034r20w4fl03,1889
t034r20w4fm02,1848
t034r21w4fi01,1849
t034r22w4fi01,1855
t034r22w4fm02,1855
t034r23w4fi01,1855
t034r24w4fi01,1855
t034r25w4fi01,1855
t034r26w4fi02,1889
t034r26w4fl01,1889
t034r27w4fi01,1855
t034r28w4fi01,1855
t034r29w4fi01,1851
t034r30w4fi01,1851
t034r30w4fl03,1982
t034r30w4fm02,1851
t035r19w4fi01,1850
t035r20w4fi01,1848
t035r21w4fi01,1849
t035r22w4fi01,1855
t035r23w4fi01,1855
t035r23w4fm02,1855
t035r24w4fi01,1854
t035r25w4fi01,1855
t035r26w4fi01,1855
t035r27w4fi01,1855
t035r28w4fi01,1855
t035r29w4fi01,1852
t035r30w4fi01,1851
t035r31w4fi02,1863
t035r31w4fl01,1982
t036r19w4fi01,1850
t036r20w4fi01,1849
t036r21w4fi01,1849
t036r22w4fi01,1855
t036r23w4fi01,1858
t036r24w4fi01,1858
t036r25w4fi01,1855
t036r26w4fi01,1855
t036r27w4fi01,1855
t036r28w4fi01,1855
t036r29w4fi01,1855
t036r30w4fi01,1852
t036r31w4fi01,1884
t037r20w4fi01,1851
t037r21w4fi01,1858
t037r22w4fi01,1858
t037r23w4fi01,1858
t037r24w4fi01,1858
t037r25w4fi01,1852
t037r26w4fi01,1852
t037r27w4fi01,1855
t037r28w4fi01,1855
t037r29w4fi01,1855
t037r30w4fi01,1852
t037r31w4fi01,1884
t038r19w4fi01,1854
t038r20w4fi01,1851
t038r21w4fi01,1851
t038r22w4fi01,1852
t038r23w4fi01,1856
t038r24w4fi01,1856
t038r25w4fi01,1852
t038r26w4fi01,1852
t038r27w4fi01,1852
t038r28w4fi01,1855
t038r29w4fi01,1855
t038r30w4fi01,1852
t038r31w4fi01,1852
t038r32w4fi01,1852
t039r19w4fi01,1854
t039r19w4fm02,1854
t039r20w4fi01,1851
t039r21w4fi01,1851
t039r22w4fi01,1852
t039r22w4fl02,1922
t039r23w4fi01,1856
t039r24w4fi01,1856
t039r24w4fl02,1959
t039r25w4fi01,1856
t039r26w4fi01,1852
t039r27w4fi01,1852
t039r28w4fi01,1852
t039r29w4fi01,1855
t039r30w4fi01,1855
t039r31w4fi01,1852
t039r32w4fi01,1852
t039r32w4fi02,1852
t040r17w4fi01,1862
t040r18w4fi01,1854
t040r19w4fi01,1854
t040r19w4fi02,0
t040r20w4fi01,1851
t040r20w4fi02,1860
t040r21w4fi01,1852
t040r22w4fi01,1852
t040r23w4fi01,1852
t040r24w4fi01,1856
t040r25w4fi01,1856
t040r26w4fi01,1852
t040r27w4fi01,1852
t040r28w4fi01,1852
t040r29w4fi01,1855
t040r30w4fi01,1855
t040r31w4fi01,1852
t040r32w4fi01,1852
t040r32w4fi02,1852
t040r32w4fl03,1950
t041r16w4fi01,1854
t041r16w4fs02,1925
t041r17w4fi02,1854
t041r17w4fs01,1925
t041r18w4fi01,1854
t041r19w4fi01,1856
t041r20w4fi01,1851
t041r21w4fi01,1855
t041r22w4fi01,1856
t041r23w4fi01,1852
t041r24w4fi01,1856
t041r25w4fi01,1858
t041r26w4fi01,1858
t041r27w4fi01,1859
t041r28w4fi01,1856
t041r29w4fi01,1856
t041r30w4fi01,1856
t041r31w4fi01,1852
t041r32w4fi01,1882
t041r32w4fi02,1885
t042r15w4fi01,1860
t042r15w4fs02,1922
t042r16w4fi01,1860
t042r17w4fi01,1854
t042r17w4fl02,1927
t042r18w4fi01,1854
t042r19w4fi01,1856
t042r20w4fi01,1851
t042r21w4fi01,1856
t042r22w4fi01,1856
t042r23w4fi01,1852
t042r24w4fi01,1856
t042r25w4fi01,1870
t042r25w4fl03,1924
t042r25w4fl04,1902
t042r25w4fl05,1927
t042r25w4fs02,1925
t042r26w4fi01,1876
t042r26w4fl02,1917
t042r27w4fd02,1982
t042r27w4fi01,1870
t042r28w4fi01,1859
t042r28w4fl03,1927
t042r28w4fs02,1924
t042r29w4fi01,1856
t042r30w4fi01,1859
t042r31w4fi01,1852
t042r32w4fi01,1852
t042r32w4fl03,1940
t042r32w4fm02,1852
t043r15w4fi01,1860
t043r16w4fi01,1860
t043r17w4fi01,1860
t043r18w4fi01,1867
t043r19w4fi01,1863
t043r20w4fi01,1864
t043r21w4fi01,1864
t043r22w4fi01,1864
t043r23w4fi01,1865
t043r24w4fi01,1858
t043r24w4fs02,1925
t043r25w4fi01,1858
t043r25w4fl02,1917
t043r25w4fl03,1926
t043r25w4fl04,1928
t043r27w4fd02,1977
t043r27w4fd06,1982
t043r27w4fd07,1982
t043r27w4fd08,1977
t043r27w4fi01,1903
t043r27w4fl04,1902
t043r27w4fs03,1925
t043r27w4fs05,1925
t043r28w4fi01,1859
t043r28w4fl02,1925
t043r29w4fi01,1857
t043r30w4fi01,1857
t043r31w4fi01,1857
t043r32w4fi01,1857
t043r32w4fi02,1880
t043r32w4fl04,1958
t043r32w4fl05,1958
t043r32w4fs03,1922
t044r15w4fi01,1860
t044r16w4fi01,1860
t044r17w4fi01,1860
t044r18w4fi01,1867
t044r19w4fi01,1863
t044r20w4fi01,1864
t044r21w4fi01,1864
t044r22w4fi01,1872
t044r23w4fi01,1872
t044r24w4fi01,1861
t044r25w4fi01,1860
t044r27w4fi01,1859
t044r28w4fi01,1859
t044r28w4fl02,1911
t044r28w4fl03,1982
t044r29w4fi01,1857
t044r30w4fi01,1857
t044r31w4fi01,1857
t044r31w4fi02,1858
t044r32w4fi01,1880
t044r32w4fi02,1858
t044r32w4fi03,1880
t044r32w4fi04,1858
t045r15w4fi01,1860
t045r16w4fi01,1860
t045r17w4fi01,1870
t045r18w4fi01,1870
t045r19w4fi01,1867
t045r20w4fi01,1871
t045r21w4fi01,1871
t045r22w4fi01,1872
t045r23w4fi01,1872
t045r24w4fi01,1861
t045r25w4fi01,1860
t045r26w4fi01,1859
t045r27w4fi01,1898
t045r27w4fl02,1898
t045r27w4fl03,1927
t045r28w4fi01,1859
t045r28w4fl02,1938
t045r28w4fl03,1901
t045r29w4fi01,1859
t045r29w4fl02,1903
t045r30w4fi01,1859
t045r31w4fi01,1881
t046r15w4fi01,1858
t046r16w4fi01,1858
t046r17w4fi01,1859
t046r18w4fi01,1859
t046r19w4fi01,1859
t046r19w4fl02,1964
t046r20w4fi01,1871
t046r21w4fi01,1870
t046r22w4fi01,1872
t046r23w4fi01,1872
t046r24w4fi01,1871
t046r25w4fi01,1871
t046r25w4fl02,1905
t046r26w4fi01,1871
t046r26w4fl02,1901
t046r26w4fl03,1958
t046r27w4fi01,1871
t046r27w4fl02,1929
t046r27w4fl03,1924
t046r27w4fl04,1982
t046r27w4fl05,1982
t046r27w4fl06,1908
t046r28w4fi01,1872
t046r29w4fi01,1870
t046r30w4fi01,1870
t047r15w4fi01,1858
t047r16w4fi01,1858
t047r17w4fi01,1859
t047r18w4fi01,1859
t047r19w4fi01,1859
t047r20w4fi01,1871
t047r20w4fm02,1926
t047r20w4fs02,1926
t047r21w4fi01,1871
t047r22w4fi01,1871
t047r23w4fi01,1871
t047r24w4fi01,1871
t047r24w4fl02,1922
t047r25w4fi01,1871
t047r26w4fi01,1871
t047r27w4fi01,1871
t047r27w4fl02,1908
t047r28w4fi01,1871
t047r28w4fl02,1915
t047r28w4fl03,1913
t047r29w4fi01,1872
t047r29w4fl02,2000
t047r30w4fi01,1872
t048r15w4fi01,1858
t048r15w4fi02,1857
t048r15w4fm03,1857
t048r16w4fi01,1858
t048r16w4fl02,1989
t048r16w4fl05,1989
t048r16w4fl07,1989
t048r16w4fl09,1989
t048r16w5fl03,1988
t048r16w5fl04,1988
t048r16w5fl06,1988
t048r16w5fl08,1988
t048r17w4fd02,1982
t048r17w4fd03,1981
t048r17w4fi01,1861
t048r17w4fs04,1904
t048r18w4fd02,1982
t048r18w4fi01,1861
t048r19w4fd02,1982
t048r19w4fi01,1871
t048r20w4fi01,1871
t048r20w4fl02,1934
t048r21w4fi01,1873
t048r22w4fi01,1873
t048r23w4fi01,1871
t048r24w4fi01,1871
t048r25w4fi01,1865
t048r26w4fi01,1865
t048r27w4fi01,1865
t049r13w4fi01,1857
t049r14w4fi01,1857
t049r15w4fi01,1857
t049r16w4fi01,1868
t049r16w4fl02,1901
t049r17w4fd02,1981
t049r17w4fi01,1868
t049r17w4fs03,1921
t049r17w4fs04,1914
t049r17w4fs05,1912
t049r17w4fs06,1918
t049r18w4fd02,1974
t049r18w4fd03,1981
t049r18w4fd04,1981
t049r18w4fi01,1871
t049r19w4fd02,1982
t049r19w4fi01,1871
t049r20w4fi01,1871
t049r21w4fi01,1873
t049r22w4fi01,1873
t049r22w4fl02,1927
t049r22w4fl03,1956
t049r23w4fi01,1874
t049r23w4fl02,1925
t049r24w4fi01,1871
t049r25w4fi01,1871
t049r26w4fi01,1868
t049r27w4fi01,1868
t050r13w4fi01,1857
t050r14w4fi01,1857
t050r15w4fi01,1857
t050r16w4fi01,1871
t050r17w4fd02,1982
t050r17w4fd03,1987
t050r17w4fi01,1871
t050r18w4fd02,1982
t050r18w4fd03,1981
t050r18w4fi01,1871
t050r19w4fd02,1982
t050r19w4fi01,1873
t050r19w4fi03,1875
t050r20w4fi01,1875
t050r20w4fl02,1952
t050r21w4fi01,1874
t050r22w4fi01,1875
t050r23w4fi01,1874
t050r23w4fl02,1925
t050r24w4fi01,1871
t050r25w4fi01,1871
t050r26w4fi01,1868
t050r27w4fi01,1868
t050r27w4fl02,1920
t051r12w4fi01,1857
t051r13w4fi01,1857
t051r14w4fi01,1858
t051r15w4fi01,1857
t051r16w4fi01,1870
t051r17w4fi01,1871
t051r18w4fd02,1982
t051r18w4fi01,1871
t051r19w4fd04,1982
t051r19w4fi01,1874
t051r19w4fi03,1875
t051r19w4fs02,1915
t051r20w4fi01,1874
t051r21w4fi01,1874
t051r22w4fi01,1875
t051r23w4fi01,1874
t051r24w4fi01,1874
t051r25w4fi01,1874
t051r26w4fi01,1868
t051r27w4fi01,1868
t052r10w4fi01,1857
t052r11w4fi01,1857
t052r12w4fi01,1857
t052r13w4fi01,1858
t052r14w4fi02,1858
t052r14w4fl01,1927
t052r15w4fi01,1858
t052r15w4fl02,1920
t052r16w4fi01,1871
t052r17w4fi01,1871
t052r18w4fi01,1870
t052r19w4fi01,1874
t052r20w4fi01,1874
t052r21w4fi01,1874
t052r22w4fi01,1875
t052r23w4fi01,1874
t052r24w4fi01,1874
t052r25w4fi01,1872
t052r26w4fi01,1869
t052r27w4fi01,1869
t053r09w4fi01,1857
t053r10w4fi01,1857
t053r11w4fi01,1858
t053r12w4fi01,1858
t053r13w4fi01,1858
t053r13w4fl02,1922
t053r14w4fi01,1858
t053r14w4fl02,1918
t053r15w4fi01,1857
t053r16w4fi01,1871
t053r17w4fi01,1871
t053r18w4fi01,1871
t053r19w4fi01,1874
t053r20w4fi01,1874
t053r21w4fi01,1874
t053r22w4fi01,1874
t053r23w4fi01,1874
t053r24w4fi01,1874
t053r25w4fi01,1878
t053r26w4fi01,1869
t053r27w4fi01,1870
t054r08w4fi01,1859
t054r09w4fi01,1859
t054r10w4fi01,1858
t054r11w4fi01,1858
t054r11w4fl02,1918
t054r11w4fl03,1940
t054r12w4fi01,1871
t054r12w4fl02,1936
t054r13w4fi01,1871
t054r14w4fi01,1870
t054r15w4fi01,1871
t054r15w4fl02,1932
t054r16w4fi01,1881
t054r16w4fm02,1881
t054r16w4fs03,1924
t054r17w4fi01,1881
t054r17w4fm02,1881
t054r18w4fi01,1876
t054r19w4fi01,1876
t054r20w4fi01,1875
t054r21w4fi01,1876
t054r22w4fi01,1873
t054r23w4fi01,1875
t054r24w4fi01,1868
t054r25w4fi02,1868
t054r25w4fl01,1925
t054r26w4fi01,1868
t054r26w4fs02,1958
t054r27w4fi01,1870
t055r07w4fi01,1859
t055r08w4fi01,1859
t055r08w4fl02,1947
t055r09w4fi01,1859
t055r10w4fi01,1882
t055r11w4fi01,1882
t055r12w4fi01,1871
t055r13w4fi01,1871
t055r14w4fi01,1870
t055r15w4fi01,1871
t055r15w4fi02,1871
t055r16w4fi01,1881
t055r16w4fl03,1926
t055r16w4fm02,1881
t055r17w4fi01,1880
t055r18w4fi01,1875
t055r19w4fi01,1876
t055r20w4fi01,1875
t055r21w4fi01,1875
t055r22w4fi01,1873
t055r23w4fi01,1873
t055r24w4fi01,1870
t055r25w4fi01,1868
t055r26w4fi01,1868
t055r26w4fs02,1958
t055r27w4fi01,1870
t056r07w4fi01,1859
t056r07w4fl02,1951
t056r08w4fi01,1859
t056r09w4fi01,1892
t056r10w4fi01,1892
t056r11w4fi01,1892
t056r12w4fi01,1871
t056r13w4fi01,1871
t056r14w4fi01,1870
t056r15w4fi01,1871
t056r16w4fi01,1884
t056r17w4fi01,1876
t056r18w4fi01,1876
t056r19w4fi01,1876
t056r20w4fi01,1875
t056r21w4fi01,1875
t056r22w4fi01,1873
t056r23w4fi01,1873
t056r24w4fi01,1870
t056r25w4fi01,1869
t056r26w4fi01,1870
t056r26w4fl02,1926
t056r26w4fl03,1956
t056r26w4fl04,1956
t056r26w4fl05,1959
t056r27w4fi01,1870
t057r06w4fi01,1859
t057r07w4fi01,1859
t057r08w4fi01,1902
t057r09w4fi01,1906
t057r10w4fi01,1906
t057r11w4fi01,1881
t057r12w4fi01,1881
t057r13w4fi01,1881
t057r14w4fi01,1879
t057r15w4fi01,1878
t057r16w4fi01,1878
t057r17w4fi01,1890
t057r17w4fi02,1905
t057r18w4fi01,1876
t057r19w4fi01,1876
t057r19w4fs02,1919
t057r20w4fi01,1876
t057r21w4fi01,1874
t057r22w4fi01,1873
t057r23w4fi01,1873
t057r24w4fi01,1874
t057r25w4fi01,1873
t057r25w4fl02,1927
t057r26w4fi01,1873
t057r26w4fl02,1926
t057r26w4fl03,1956
t057r27w4fi01,1875
t058r04w4fi01,1859
t058r05w4fi01,1859
t058r06w4fi01,1859
t058r07w4fi01,1903
t058r07w4fo02,1959
t058r08w4fi01,1903
t058r09w4fi01,1906
t058r10w4fi01,1895
t058r10w4fl02,1934
t058r11w4fi01,1894
t058r12w4fi01,1882
t058r13w4fi01,1881
t058r14w4fi01,1879
t058r14w4fl02,1902
t058r14w4fl03,1934
t058r14w4fl04,1934
t058r15w4fi01,1878
t058r15w4fl02,1934
t058r16w4fi01,1879
t058r16w4fl02,1905
t058r16w4fl04,1926
t058r16w4fs03,1920
t058r17w4fi01,1879
t058r17w4fl02,1906
t058r17w4hi03,1901
t058r18w4fi01,1882
t058r18w4fl02,1926
t058r19w4fi01,1882
t058r20w4fi01,1875
t058r20w4fl02,1982
t058r21w4fi01,1875
t058r22w4fi01,1875
t058r23w4fi01,1874
t058r24w4fi01,1874
t058r24w4fl02,1956
t058r25w4fi01,1873
t058r26w4fi01,1873
t058r26w4fl02,1926
t058r26w4fl03,1916
t058r27w4fi01,1875
t059r03w4fi01,1859
t059r04w4fi01,1859
t059r05w4fi01,1859
t059r06w4fi01,1882
t059r06w4fl02,1912
t059r07w4fi01,1882
t059r08w4fi01,1892
t059r09w4fi01,1898
t059r10w4fi01,1898
t059r11w4fi01,1896
t059r12w4fi01,1882
t059r13w4fi01,1874
t059r14w4fi01,1874
t059r15w4fi01,1879
t059r15w4fl02,1945
t059r16w4fi01,1879
t059r17w4fi01,1882
t059r18w4fi01,1882
t059r19w4fi01,1882
t059r20w4fi01,1875
t059r21w4fi01,1875
t059r21w4fl02,1915
t059r21w4fl03,1950
t059r21w4fl04,1968
t059r22w4fi01,1875
t059r23w4fi01,1875
t059r24w4fi01,1875
t059r24w4fl02,1924
t059r24w4fl03,1936
t059r25w4fi01,1875
t059r25w4fl02,2000
t059r25w4fl03,1930
t059r26w4fi01,1875
t059r26w4fi06,1979
t059r26w4fl02,1905
t059r26w4fl03,1913
t059r26w4fl04,1917
t059r26w4fl05,1943
t059r27w4fi01,1907
t060r01w4fi01,1860
t060r02w4fi01,1860
t060r03w4fi01,1860
t060r03w4fl02,1928
t060r04w4ff02,1911
t060r04w4ff04,1911
t060r04w4fi01,1911
t060r04w4fs03,1963
t060r05w4fi01,1911
t060r06w4fi01,1882
t060r07w4fi01,1897
t060r08w4fi01,1894
t060r09w4fi01,1892
t060r10w4fi01,1892
t060r11w4fi01,1896
t060r12w4fi01,1872
t060r13w4fi01,1872
t060r14w4fi01,1882
t060r15w4fi01,1883
t060r16w4fi01,1883
t060r17w4fi01,1883
t060r18w4fd03,1942
t060r18w4fi01,1882
t060r18w4fl02,1910
t060r19w4fi01,1891
t060r20w4fi01,1884
t060r21w4fi02,1902
t060r21w4fl01,1902
t060r21w4fl03,1902
t060r21w4fl04,1927
t060r22w4fi01,1902
t060r23w4fi01,1884
t060r24w4fi01,1896
t060r25w4fi01,1883
t060r25w4fl02,1928
t060r25w4fl03,1930
t060r26w4fi01,1876
t060r27w4fi01,1907
t060r27w4fl02,1907
t061r01e4fi01,1860
t061r01w4fd02,1941
t061r01w4fi01,1860
t061r02e4fi01,1860
t061r02w4fd02,1981
t061r02w4fd03,0
t061r02w4fi01,1860
t061r03e4fi01,1860
t061r03w4fi01,1884
t061r04w4fi01,1893
t061r05w4fi01,1899
t061r06w4fi01,1907
t061r07w4fi01,1907
t061r08w4fi01,1911
t061r09w4fi01,1911
t061r10w4fi01,1911
t061r11w4fi01,1904
t061r11w4fs02,2001
t061r11w4fs03,2000
t061r12w4fi01,1884
t061r12w4fs02,2000
t061r13w4fi01,1884
t061r14w4fi01,1884
t061r14w4fl02,1981
t061r15w4fi01,1883
t061r16w4fi01,1912
t061r16w4fi02,1882
t061r17w4fi01,1884
t061r18w4fi01,1884
t061r19w4fi01,1884
t061r20w4fi01,1884
t061r21w4fi01,1884
t061r22w4fi01,1884
t061r23w4fi01,1893
t061r24w4fi01,1893
t061r24w4fl02,1959
t061r25w4fi01,1892
t061r26w4fi01,1897
t061r27w4fi01,1900
t062r01e4fd02,1981
t062r01e4fi01,1880
t062r01e4fl05,1951
t062r01e4fo03,1982
t062r01e4fo04,1982
t062r01e4fo06,1982
t062r01e4fo07,1982
t062r01e4fo08,1982
t062r01w4fi01,1882
t062r01w4fl03,1934
t062r01w4fs02,1952
t062r02e4fd02,1931
t062r02e4fi01,1860
t062r02w4fd02,1942
t062r02w4fi01,1884
t062r03e4fi01,1860
t062r03w4fi01,1884
t062r04e4fi01,1879
t062r04w4fi01,1893
t062r05e4fi01,1894
t062r05e4fi02,1893
t062r05e4fs03,1920
t062r05w4fi01,1899
t062r06w4fi01,1907
t062r07w4fi01,1907
t062r08w4fi01,1885
t062r09w4fi01,1886
t062r10w4fi01,1895
t062r11w4fi01,1885
t062r11w4fo02,1979
t062r12w4fi01,1885
t062r13w4fi01,1881
t062r14w4fi01,1880
t062r14w4fl03,1902
t062r14w4fl04,1902
t062r14w4fm02,1880
t062r15w4fi01,1880
t062r15w4fl02,1920
t062r15w4fl03,1981
t062r15w4fl04,1981
t062r15w4fl05,1981
t062r16w4fi01,1882
t062r16w4fl02,1920
t062r16w4fl03,1918
t062r16w4fl04,1924
t062r16w4fl05,1928
t062r16w4fl06,1934
t062r16w4fl07,1981
t062r16w4fl08,1981
t062r16w4fl09,1981
t062r16w4fl10,1981
t062r17w4fi01,1885
t062r17w4fl02,1926
t062r17w4fl03,1928
t062r17w4fl04,1981
t062r18w4fi01,1897
t062r19w4fi01,1904
t062r20w4fi01,1904
t062r21w4fi01,1904
t062r22w4fi01,1884
t062r23w4fi01,1902
t062r23w4fl02,1902
t062r23w4fl03,1998
t062r24w4fi01,1882
t062r24w4fl02,1932
t062r25w4fi01,1896
t062r25w4fl02,1959
t062r26w4fi01,1901
t062r27w4fi01,1901
t063r01e4fd02,1927
t063r01e4fd03,1927
t063r01e4fi01,1880
t063r01e4fs04,1927
t063r01w4fi01,1876
t063r02e4fd02,1932
t063r02e4fi01,1880
t063r02w4fi01,1884
t063r03e4fi01,1880
t063r03e4fl02,1928
t063r03w4fi01,1884
t063r04e4fd02,1997
t063r04e4fi01,1880
t063r04e4fi03,1893
t063r04w4fi01,1885
t063r05e4fi01,1893
t063r05e4fi03,1880
t063r05e4fs02,1920
t063r05w4fi01,1885
t063r06e4fd04,1981
t063r06e4fi01,1859
t063r06e4fi02,1893
t063r06e4fs03,1920
t063r06w4fi01,1885
t063r07e4fi01,1859
t063r07e4fl02,1983
t063r07w4fi01,1886
t063r08w4fi01,1885
t063r09w4fi01,1886
t063r10w4fi01,1885
t063r11w4fi01,1885
t063r11w4fl02,1926
t063r11w4fl03,1966
t063r12w4fi01,1881
t063r12w4fm02,1881
t063r13w4fi01,1881
t063r13w4fl02,1926
t063r13w4fl03,1902
t063r13w4fl04,1922
t063r13w4fl05,1924
t063r13w4fl06,1924
t063r13w4fl07,1922
t063r13w4fl08,1924
t063r14w4fd03,1964
t063r14w4fi01,1890
t063r14w4fl02,1926
t063r15w4fi01,1884
t063r15w4fl02,1922
t063r15w4fl03,1931
t063r15w4fl04,1936
t063r16w4fi01,1882
t063r16w4fl02,1922
t063r16w4fl03,1924
t063r16w4fl04,1920
t063r17w4fi01,1884
t063r17w4fl02,1918
t063r17w4fl03,1924
t063r17w4fl04,1924
t063r17w4fl05,1924
t063r17w4fl06,1924
t063r17w4fl07,1957
t063r17w4fl08,1981
t063r17w4fl09,1981
t063r17w4fl10,1981
t063r18w4fi01,1884
t063r18w4fl02,1924
t063r18w4fl03,1922
t063r18w4fl04,1927
t063r18w4fl05,1924
t063r18w4fl06,1924
t063r18w4fl07,1981
t063r18w4fl08,1981
t063r18w4fl09,1915
t063r18w4fl10,1918
t063r19w4fi01,1882
t063r20w4fi01,1892
t063r21w4fi01,1906
t063r22w4fi01,1906
t063r23w4fi01,1882
t063r24w4fi01,1882
t063r25w4fi01,1895
t063r26w4fi01,1897
t063r27w4fi01,1901
t064r01e4fi01,1876
t064r01e4fl02,1937
t064r01w4fd02,1934
t064r01w4fd03,1934
t064r01w4fd04,1934
t064r01w4fd05,1934
t064r01w4fi01,1884
t064r02e4fd02,1941
t064r02e4fd03,1941
t064r02e4fi01,1877
t064r02w4fi01,1884
t064r03e4fd02,1942
t064r03e4fd03,1942
t064r03e4fd04,1942
t064r03e4fd05,1942
t064r03e4fd07,1942
t064r03e4fi01,1877
t064r03e4fs06,1943
t064r03w4fi01,1884
t064r04e4fd04,1943
t064r04e4fi01,1880
t064r04e4fi02,1893
t064r04e4fs03,1920
t064r04w4fi01,1883
t064r05e4fd02,1997
t064r05e4fi01,1893
t064r05e4fs03,1920
t064r05w4fi01,1884
t064r06e4fd05,1981
t064r06e4fi01,1893
t064r06e4fi02,1859
t064r06e4fl04,1983
t064r06e4fs03,1920
t064r06w4fi01,1880
t064r07e4fi01,1859
t064r07e4fl03,1983
t064r07e4fl04,1983
t064r07e4fl05,1983
t064r07e4fs06,1982
t064r07e4hd02,1981
t064r07w4fd02,1912
t064r07w4fi01,1880
t064r07w4fl03,1931
t064r08w4fi01,1880
t064r08w4fl02,1903
t064r08w4fl03,1930
t064r09w4fd03,1950
t064r09w4fd04,1950
t064r09w4fd05,1950
t064r09w4fd06,1950
t064r09w4fi07,1880
t064r09w4fl01,1924
t064r09w4fl02,1930
t064r10w4fi01,1880
t064r10w4fl01,1924
t064r10w4fl02,1924
t064r10w4fl03,1928
t064r10w4fl04,1931
t064r11w4fi01,1880
t064r11w4fl02,1931
t064r12w4fi01,1891
t064r13w4fi01,1890
t064r13w4fl02,1922
t064r14w4fi01,1895
t064r15w4fi02,1885
t064r15w4fl01,1931
t064r16w4fi01,1885
t064r16w4fl02,1931
t064r17w4fi01,1891
t064r18w4fi01,1892
t064r18w4fl02,1920
t064r18w4fl03,1960
t064r18w4fl04,1931
t064r18w4fl05,1981
t064r18w4fl06,1981
t064r19w4fi01,1895
t064r19w4fl02,1957
t064r20w4fd02,1982
t064r20w4fi01,1883
t064r20w4fl03,1913
t064r20w4fl04,1930
t064r20w4fl05,1928
t064r20w4fl06,1924
t064r21w4fd03,1982
t064r21w4fi01,1883
t064r21w4fi02,1894
t064r21w4fl04,1915
t064r22w4fd03,1982
t064r22w4fi01,1894
t064r22w4fi02,1894
t064r23w4fi01,1894
t064r23w4fi02,1894
t064r24w4fi01,1883
t064r24w4fi02,1893
t064r25w4fi01,1898
t064r26w4fi01,1902
t064r27w4fi01,1902
t065r01e4fd02,1939
t065r01e4fd03,1939
t065r01e4fi01,1877
t065r01w4fd02,1939
t065r01w4fi01,1877
t065r02e4fd02,1940
t065r02e4fd03,1940
t065r02e4fi01,1876
t065r02w4fi01,1877
t065r03e4fd02,1951
t065r03e4fd03,1943
t065r03e4fi01,1875
t065r03w4fi01,1877
t065r03w4fl02,1926
t065r04w4fi01,1878
t065r05w4fi01,1884
t065r06w4fi01,1878
t065r06w4fl02,1931
t065r07w4fi01,1879
t065r07w4fl02,1931
t065r07w4fl03,1928
t065r08w4fi01,1880
t065r09w4fd01,1950
t065r09w4fi03,1880
t065r09w4fl02,1928
t065r10w4fi01,1880
t065r10w4fl02,1931
t065r11w4fi01,1880
t065r11w4fl02,1929
t065r12w4fi01,1900
t065r12w4fs02,1925
t065r13w4fi01,1900
t065r14w4fi01,1894
t065r15w4fi01,1911
t065r16w4fi01,1896
t065r16w4fs02,1899
t065r17w4fi01,1901
t065r18w4fi01,1904
t065r19w4fi01,1896
t065r19w4fl02,1942
t065r19w4fl03,1960
t065r20w4fi01,1896
t065r20w4fl02,1924
t065r20w4fl03,1928
t065r20w4fl04,1959
t065r21w4fd03,1982
t065r21w4fi01,1882
t065r21w4fi02,1893
t065r22w4fd02,1982
t065r22w4fi01,1893
t065r23w4fd02,1982
t065r23w4fi01,1893
t065r23w4fi03,1893
t065r24w4fi01,1881
t065r25w4fi01,1892
t065r26w4fi01,1892
t065r27w4fi01,1907
t066r04w4fi01,1878
t066r04w4fl02,1928
t066r05w4fi01,1878
t066r06w4fi01,1879
t066r11w4fi01,1880
t066r12w4fi01,1880
t066r13w4fi01,1880
t066r13w4fl02,1941
t066r14w4fi01,1896
t066r15w4fi01,1895
t066r16w4fi01,1884
t066r16w4fr02,1942
t066r17w4fi01,1895
t066r18w4fi01,1895
t066r19w4fi01,1892
t066r20w4fi01,1883
t066r21w4fd02,1982
t066r21w4fi01,1894
t066r21w4fi03,1893
t066r22w4fd02,1892
t066r22w4fi01,1893
t066r22w4fi03,1893
t066r23w4fi01,1893
t066r23w4fi02,1893
t066r24w4fi01,1905
t066r25w4fi01,1908
t066r26w4fi01,1903
t066r27w4fi01,1903
t067r04w4fi01,1879
t067r04w4fs02,1934
t067r13w4fi01,1880
t067r13w4fl02,1941
t067r13w4fl03,1941
t067r14w4fi01,1880
t067r14w4fl02,1941
t067r14w4fl03,1941
t067r15w4fi01,1880
t067r15w4fi03,1940
t067r15w4fl02,1940
t067r16w4fi01,1884
t067r16w4fi04,1968
t067r16w4fl02,1942
t067r16w4fl03,1942
t067r17w4fi01,1884
t067r17w4fl02,1928
t067r18w4fi01,1892
t067r19w4fi01,1891
t067r20w4fi01,1891
t067r21w4fi01,1892
t067r22w4fi01,1892
t067r23w4fi01,1894
t067r24w4fi01,1899
t067r25w4fi01,1909
t067r25w4fi02,1909
t067r26w4fi01,1903
t067r27w4hi01,1909
t068r13w4fi01,1880
t068r13w4fl02,1941
t068r14w4fi01,1880
t068r14w4fl02,1940
t068r14w4fl03,1940
t068r15w4fi01,1880
t068r15w4fl02,1940
t068r16w4fi01,1884
t068r16w4fl02,1942
t068r17w4fi01,1884
t068r17w4fl02,1927
t068r17w4fl03,1942
t068r17w4fl04,1942
t068r18w4fi01,1892
t068r18w4fl02,1956
t068r19w4fi01,1894
t068r20w4fi01,1892
t068r21w4fi01,1893
t068r22w4fi01,1892
t068r23w4fi01,1905
t068r24w4fi01,1894
t068r25w4fi01,1897
t068r26w4fi01,1908
t068r27w4hi01,1909
t069r17w4fi01,1883
t069r17w4fl02,1942
t069r18w4fi01,1884
t069r18w4fl02,1940
t069r18w4fl03,1940
t069r19w4fi01,1883
t069r19w4fl02,1940
t069r19w4fl03,1940
t069r20w4fi01,1881
t069r20w4fm02,1881
t069r21w4fi01,1882
t069r21w4fl02,1905
t069r21w4fl03,1922
t069r22w4fi01,1900
t069r23w4fi01,1900
t069r24w4fi01,1901
t069r25w4fi01,1897
t069r26w4fi01,1901
t069r27w4fi01,1903
t070r18w4fi01,1884
t070r18w4fl02,1940
t070r18w4fl03,1940
t070r19w4fi01,1884
t070r19w4fl02,1941
t070r19w4fl03,1941
t070r20w4fi01,1881
t070r20w4fl02,1941
t070r20w4fl03,1941
t070r21w4fi01,1881
t070r21w4fl02,1941
t070r22w4fi01,1881
t070r23w4fi01,1899
t070r24w4fi01,1896
t070r25w4fi01,1882
t070r26w4fi01,1882
t070r27w4fi01,1882
t070r27w4fl02,1924
t071r20w4fi01,1881
t071r20w4fl02,1941
t071r21w4fi01,1882
t071r21w4fl02,1941
t071r21w4fl03,1941
t071r22w4fi01,1881
t071r22w4fl03,1941
t071r22w4fl04,1937
t071r22w4fl05,1917
t071r22w4fl06,1941
t071r22w4fm02,1881
t071r23w4fi01,1882
t071r23w4fl03,1941
t071r23w4fl04,1941
t071r23w4fl05,1930
t071r23w4fl06,1938
t071r23w4fs02,1913
t071r24w4fd02,1941
t071r24w4fd03,1941
t071r24w4fi01,1882
t101r03w5fi01,1854
t101r04w5fi01,1854
t101r04w5fi02,1854
t101r05w5fi01,1854
t101r06w5fi01,1854
t101r07w5fi01,1854
t101r08w5fi01,1854
t101r09w5fi01,1854
t101r10w5fi01,1854
t101r11w5fi01,1854
t101r12w5fi01,1854
t101r13w5fi01,1854
t101r14w5fi01,1854
t101r15w5fi01,1853
t101r16w5fi01,1854
t101r17w5fi01,1854
t101r18w5fi01,1852
t101r19w5fi01,1854
t101r20w5fi01,1855
t101r21w5fi01,1854
t101r22w5fi01,1854
t101r23w5fi01,1858
t101r24w5fi01,1855
t101r25w5fi01,1855
t101r26w5fi01,1855
t101r27w5fi01,1855
t101r28w5fi01,1855
t101r29w5fi01,1855
t101r30w5fi01,1855
t101r31w5fi01,1855
t101r31w5fi03,1855
t101r31w5fm02,1855
t101r32w5fi01,1858
t101r33w5fi01,1858
t101r34w5fi01,1858
t101r35w5fi01,1860
t101r36w5fi01,1860
t101r37w5fi01,1859
t101r38w5fi01,1858
t101r39w5fi01,1869
t101r40w5fi01,1869
t101r40w5fl02,1937
t101r41w5fi01,1868
t101r42w5fi01,1868
t101r43w5fi01,1869
t101r44w5fi01,1870
t101r45w5fi01,1870
t101r46w5fi01,1871
t101r47w5fi01,1871
t102r03w5fi01,1854
t102r04w5fi01,1854
t102r04w5fi02,1854
t102r05w5fi01,1854
t102r06w5fi01,1854
t102r07w5fi01,1854
t102r08w5fi01,1854
t102r09w5fi01,1854
t102r10w5fi01,1854
t102r11w5fi01,1854
t102r12w5fi01,1854
t102r13w5fi01,1854
t102r14w5fi01,1854
t102r15w5fi01,1853
t102r16w5fi01,1853
t102r17w5fi01,1855
t102r18w5fi01,1854
t102r19w5fi01,1854
t102r20w5fi01,1855
t102r21w5fi01,1855
t102r21w5fl02,1897
t102r21w5fl03,1949
t102r22w5fi01,1854
t102r23w5fi01,1855
t102r24w5fi01,1855
t102r25w5fi01,1855
t102r26w5fi01,1855
t102r27w5fi01,1855
t102r28w5fi01,1855
t102r29w5fi01,1855
t102r30w5fi01,1855
t102r31w5fi01,1855
t102r31w5fi02,1855
t102r32w5fi01,1885
t102r33w5fi01,1854
t102r34w5fi01,1858
t102r35w5fi01,1859
t102r36w5fi01,1859
t102r37w5fi01,1859
t102r38w5fi01,1859
t102r39w5fi01,1869
t102r40w5fi01,1867
t102r41w5fi01,1868
t102r42w5fi01,1868
t102r43w5fi01,1869
t102r44w5fi01,1870
t102r45w5fi01,1870
t102r46w5fi01,1871
t102r47w5fi01,1871
t103r03w5fi01,1854
t103r04w5fi01,1854
t103r04w5fi02,1854
t103r05w5fi01,1854
t103r06w5fi01,1855
t103r07w5fi01,1854
t103r08w5fi01,1854
t103r09w5fi01,1854
t103r10w5fi01,1854
t103r11w5fi01,1854
t103r12w5fi01,1854
t103r13w5fi01,1854
t103r14w5fi01,1854
t103r15w5fi01,1853
t103r16w5fi01,1853
t103r17w5fi01,1855
t103r18w5fi01,1855
t103r19w5fi01,1855
t103r20w5fi01,1855
t103r21w5fi01,1855
t103r22w5fi01,1854
t103r23w5fi01,1855
t103r24w5fi01,1855
t103r25w5fi01,1855
t103r26w5fi01,1855
t103r27w5fi01,1855
t103r28w5fi01,1855
t103r29w5fi01,1855
t103r30w5fi01,1855
t103r30w5fm02,1855
t103r31w5fi01,1855
t103r32w5fi01,1885
t103r33w5fi01,1854
t103r34w5fi01,1858
t103r35w5fi01,1859
t103r36w5fi01,1859
t103r37w5fi01,1859
t103r38w5fi01,1859
t103r39w5fi01,1868
t103r40w5fi01,1868
t103r41w5fi01,1868
t103r42w5fi01,1868
t103r43w5fi01,1870
t103r44w5fi01,1870
t103r45w5fi01,1871
t103r46w5fi01,1871
t103r47w5fi01,1871
t104r03w5fi01,1854
t104r04w5fi01,1854
t104r04w5fi02,1854
t104r04w5fl03,1854
t104r05w5fi01,1854
t104r06w5fi01,1855
t104r07w5fi01,1854
t104r08w5fi01,1854
t104r09w5fi01,1854
t104r10w5fi01,1854
t104r11w5fi01,1854
t104r12w5fi01,1854
t104r13w5fi01,1854
t104r14w5fi01,1854
t104r15w5fi01,1853
t104r16w5fi01,1854
t104r17w5fi01,1854
t104r18w5fi01,1855
t104r19w5fi01,1855
t104r20w5fi01,1855
t104r21w5fi01,1855
t104r22w5fi01,1855
t104r23w5fi01,1855
t104r24w5fi01,1855
t104r25w5fi01,1855
t104r26w5fi01,1855
t104r27w5fi01,1885
t104r28w5fi01,1855
t104r29w5fi01,1855
t104r30w5fi01,1855
t104r31w5fi01,1855
t104r32w5fi01,1858
t104r33w5fi01,1858
t104r34w5fi01,1859
t104r35w5fi01,1859
t104r36w5fi01,1859
t104r37w5fi01,1859
t104r38w5fi01,1859
t104r39w5fi01,1872
t104r40w5fi01,1868
t104r41w5fi01,1868
t104r42w5fi01,1868
t104r43w5fi01,1870
t104r44w5fi01,1870
t104r45w5fi01,1871
t104r46w5fi01,1871
t104r47w5fi01,1871
t105r04w5fi01,1855
t105r04w5fl02,1965
t105r05w5fi01,1855
t105r06w5fi01,1854
t105r07w5fi01,1854
t105r08w5fi01,1854
t105r09w5fi01,1854
t105r10w5fi01,1854
t105r11w5fi01,1854
t105r12w5fi01,1854
t105r13w5fi01,1854
t105r14w5fi01,1854
t105r15w5fi01,1854
t105r16w5fi01,1854
t105r17w5fi01,1854
t105r18w5fi01,1855
t105r19w5fi01,1855
t105r20w5fi01,1855
t105r21w5fi01,1855
t105r22w5fi01,1855
t105r23w5fi01,1855
t105r24w5fi01,1855
t105r25w5fi01,1855
t105r26w5fi01,1855
t105r27w5fi01,1855
t105r27w5fl02,1983
t105r28w5fi01,1855
t105r29w5fi01,1855
t105r30w5fi01,1855
t105r31w5fi01,1855
t105r32w5fi01,1858
t105r33w5fi01,1858
t105r34w5fi01,1858
t105r35w5fi01,1859
t105r36w5fi01,1859
t105r37w5fi01,1859
t105r38w5fi01,1859
t105r39w5fi01,1861
t105r40w5fi01,1861
t105r41w5fi01,1861
t105r42w5fi01,1861
t105r43w5fi01,1866
t105r44w5fi01,1867
t105r45w5fi01,1867
t105r46w5fi01,1871
t105r47w5fi01,1871
t106r05w5fi01,1855
t106r06w5fi01,1855
t106r07w5fi01,1854
t106r08w5fi01,1854
t106r09w5fi01,1854
t106r10w5fi01,1854
t106r11w5fi01,1854
t106r12w5fi01,1854
t106r13w5fi01,1854
t106r14w5fi01,1854
t106r15w5fi01,1854
t106r16w5fi01,1854
t106r17w5fi01,1854
t106r18w5fi01,1855
t106r19w5fi01,1855
t106r20w5fi01,1855
t106r21w5fi01,1855
t106r22w5fi01,1855
t106r23w5fi01,1855
t106r24w5fi01,1855
t106r25w5fi01,1855
t106r26w5fi01,1855
t106r27w5fi01,1855
t106r28w5fi01,1855
t106r29w5fi01,1855
t106r30w5fi01,1855
t106r31w5fi01,1855
t106r32w5fi01,1858
t106r33w5fi01,1858
t106r34w5fi01,1858
t106r35w5fi01,1858
t106r36w5fi01,1859
t106r37w5fi01,1859
t106r38w5fi01,1859
t106r39w5fi01,1861
t106r40w5fi01,1861
t106r41w5fi01,1862
t106r42w5fi01,1866
t106r43w5fi01,1866
t106r44w5fi01,1867
t106r45w5fi01,1870
t106r46w5fi01,1872
t106r46w5fi02,1870
t106r47w5fi01,1870
t107r06w5fi01,1855
t107r07w5fi01,1855
t107r07w5fi02,1855
t107r07w5fm03,1855
t107r08w5fi01,1855
t107r09w5fi01,1854
t107r10w5fi01,1855
t107r11w5fi01,1854
t107r12w5fi01,1854
t107r13w5fi01,1854
t107r14w5fi01,1854
t107r15w5fi01,1854
t107r16w5fi01,1856
t107r17w5fi01,1856
t107r18w5fi01,1855
t107r19w5fi01,1855
t107r20w5fi01,1855
t107r21w5fi01,1855
t107r22w5fi01,1855
t107r23w5fi01,1855
t107r24w5fi01,1855
t107r25w5fi01,1855
t107r26w5fi01,1855
t107r27w5fi01,1855
t107r28w5fi01,1855
t107r29w5fi01,1855
t107r30w5fi01,1856
t107r30w5fm02,1856
t107r31w5fi01,1855
t107r32w5fi01,1858
t107r33w5fi01,1858
t107r34w5fi01,1858
t107r35w5fi01,1858
t107r36w5fi01,1859
t107r37w5fi01,1859
t107r38w5fi01,1859
t107r39w5fi01,1862
t107r40w5fi01,1862
t107r41w5fi01,1862
t107r42w5fi01,1862
t107r43w5fi01,1866
t107r44w5fi01,1867
t107r45w5fi01,1870
t107r46w5fi01,1870
t107r47w5fi01,1870
t108r07w5fi01,1855
t108r08w5fi01,1855
t108r08w5fm02,1855
t108r09w5fi01,1855
t108r10w5fi01,1855
t108r11w5fi01,1854
t108r12w5fi01,1854
t108r13w5fi01,1854
t108r14w5fi01,1854
t108r15w5fi01,1855
t108r16w5fi01,1856
t108r17w5fi01,1855
t108r18w5fi01,1855
t108r19w5fi01,1855
t108r20w5fi01,1855
t108r21w5fi01,1855
t108r22w5fi01,1855
t108r23w5fi01,1855
t108r24w5fi01,1855
t108r24w5fm02,1855
t108r25w5fi01,1855
t108r25w5fm02,1855
t108r26w5fi01,1855
t108r26w5fl02,1915
t108r27w5fi01,1855
t108r27w5fm02,1855
t108r28w5fi01,1855
t108r29w5fi01,1855
t108r30w5fi01,1856
t108r31w5fi01,1855
t108r31w5fm02,1855
t108r32w5fi01,1858
t108r33w5fi01,1858
t108r34w5fi01,1858
t108r35w5fi01,1858
t108r36w5fi01,1859
t108r37w5fi01,1859
t108r38w5fi01,1859
t108r39w5fi01,1861
t108r40w5fi01,1862
t108r41w5fi01,1862
t108r42w5fi01,1862
t108r43w5fi01,1866
t108r44w5fi01,1867
t108r45w5fi01,1871
t108r46w5fi01,1871
t108r47w5fi01,1872
t109r09w5fi01,1856
t109r10w5fi01,1856
t109r11w5fi01,1856
t109r12w5fi01,1856
t109r13w5fi01,1856
t109r14w5fi01,1856
t109r15w5fi01,1855
t109r16w5fi01,1855
t109r17w5fi01,1854
t109r18w5fi01,1854
t109r19w5fi01,1854
t109r20w5fi01,1855
t109r21w5fi01,1855
t109r22w5fi01,1855
t109r22w5fl02,1986
t109r23w5fi01,1855
t109r23w5fm02,1855
t109r24w5fi01,1855
t109r24w5fl03,2000
t109r24w5fm02,1855
t109r25w5fi01,1855
t109r25w5fm02,1855
t109r26w5fi01,1855
t109r27w5fi01,1855
t109r28w5fi01,1855
t109r28w5fm02,1855
t109r29w5fi01,1855
t109r29w5fm02,1855
t109r30w5fi01,1855
t109r31w5fi01,1860
t109r32w5fi01,1860
t109r33w5fi01,1860
t109r34w5fi01,1858
t109r35w5fi01,1858
t109r36w5fi01,1858
t109r37w5fi01,1859
t109r38w5fi01,1859
t109r39w5fi01,1867
t109r40w5fi01,1867
t109r41w5fi01,1867
t109r42w5fi01,1867
t109r43w5fi01,1868
t109r44w5fi01,1872
t109r45w5fi01,1884
t109r46w5fi01,1871
t109r47w5fi01,1872
t110r09w5fi01,1856
t110r09w5fm02,1856
t110r10w5fi01,1856
t110r11w5fi01,1856
t110r12w5fi01,1856
t110r13w5fi01,1856
t110r14w5fi01,1856
t110r15w5fi01,1856
t110r16w5fi01,1855
t110r17w5fi01,1854
t110r18w5fi01,1854
t110r19w5fi01,1854
t110r20w5fi01,1855
t110r21w5fi01,1855
t110r22w5fi01,1855
t110r22w5fl03,1937
t110r22w5fm02,1855
t110r23w5fi01,1855
t110r24w5fi01,1855
t110r25w5fi01,1856
t110r25w5fm02,1856
t110r26w5fi01,1855
t110r26w5fi02,1855
t110r26w5fl04,1956
t110r26w5fm03,1855
t110r27w5fi01,1855
t110r27w5fm02,1855
t110r28w5fi01,1855
t110r28w5fl03,1957
t110r28w5fl04,1957
t110r28w5fm02,1855
t110r29w5fi01,1890
t110r29w5fl03,1986
t110r29w5fl04,1890
t110r29w5fm02,1890
t110r30w5fi01,1855
t110r30w5fm02,1855
t110r31w5fi01,1855
t110r32w5fi01,1858
t110r32w5fi02,1858
t110r33w5fi01,1860
t110r34w5fi01,1860
t110r35w5fi01,1858
t110r36w5fi01,1858
t110r37w5fi01,1859
t110r38w5fi01,1859
t110r39w5fi01,1867
t110r40w5fi01,1867
t110r41w5fi01,1867
t110r42w5fi01,1867
t110r43w5fi01,1868
t110r44w5fi01,1872
t110r45w5fi01,1881
t110r46w5fi01,1871
t110r47w5fi01,1872
t111r10w5fi01,1856
t111r11w5fi01,1856
t111r12w5fi01,1856
t111r12w5fi02,1856
t111r13w5fi01,1856
t111r14w5fi01,1856
t111r15w5fi01,1856
t111r16w5fi01,1855
t111r17w5fi01,1854
t111r18w5fi01,1854
t111r19w5fi01,1854
t111r20w5fi01,1855
t111r21w5fi01,1855
t111r22w5fi01,1855
t111r23w5fi01,1855
t111r24w5fi01,1855
t111r25w5fi01,1856
t111r26w5fi01,1855
t111r26w5fi02,1855
t111r27w5fi01,1855
t111r28w5fi01,1855
t111r29w5fi01,1855
t111r30w5fi01,1855
t111r31w5fi01,1860
t111r31w5fm02,1860
t111r32w5fi01,1858
t111r33w5fi01,1859
t111r34w5fi01,1860
t111r35w5fi01,1858
t111r36w5fi01,1861
t111r37w5fi01,1859
t111r38w5fi01,1859
t111r39w5fi01,1867
t111r40w5fi01,1867
t111r41w5fi01,1868
t111r42w5fi01,1868
t111r43w5fi01,1868
t111r44w5fi01,1872
t111r45w5fi01,1872
t111r46w5fi01,1872
t111r47w5fi01,1872
t112r12w5fi01,1856
t112r13w5fi01,1856
t112r14w5fi01,1856
t112r15w5fi01,1856
t112r16w5fi01,1856
t112r17w5fi01,1854
t112r18w5fi01,1854
t112r19w5fi01,1854
t112r20w5fi01,1855
t112r21w5fi01,1855
t112r22w5fi01,1855
t112r23w5fi01,1855
t112r24w5fi01,1855
t112r25w5fi01,1856
t112r26w5fi01,1855
t112r26w5fi02,0
t112r27w5fi01,1855
t112r28w5fi01,1855
t112r29w5fi01,1855
t112r30w5fi01,1855
t112r31w5fi01,1855
t112r32w5fi01,1859
t112r33w5fi01,1859
t112r34w5fd02,1982
t112r34w5fi01,1858
t112r35w5fd02,1982
t112r35w5fi01,1858
t112r36w5fi01,1860
t112r37w5fi01,1864
t112r38w5fi01,1859
t112r39w5fi01,1867
t112r40w5fi01,1867
t112r41w5fi01,1868
t112r42w5fi01,1868
t112r43w5fi01,1868
t112r44w5fi01,1872
t112r45w5fi01,1872
t112r46w5fi01,1872
t112r47w5fi01,1872
t113r13w5fi01,1856
t113r14w5fi01,1856
t113r15w5fi01,1854
t113r15w5fm02,1854
t113r16w5fi01,1854
t113r17w5fi01,1854
t113r18w5fi01,1855
t113r19w5fi01,1855
t113r20w5fi01,1855
t113r21w5fi01,1855
t113r22w5fi01,1855
t113r23w5fi01,1855
t113r24w5fi01,1855
t113r25w5fi01,1856
t113r25w5fm02,1856
t113r26w5fi01,1856
t113r26w5fi02,1856
t113r26w5fm02,1856
t113r27w5fi01,1857
t113r28w5fi01,1860
t113r28w5fl02,1959
t113r29w5fi01,1856
t113r30w5fi01,1855
t113r31w5fi01,1855
t113r32w5fi01,1858
t113r33w5fi01,1858
t113r34w5fi01,1858
t113r35w5fi01,1859
t113r36w5fi01,1859
t113r37w5fi01,1864
t113r38w5fi01,1864
t113r39w5fi01,1864
t113r40w5fi01,1859
t113r41w5fi01,1859
t113r42w5fi01,1859
t113r43w5fi01,1867
t113r44w5fi01,1871
t113r45w5fi01,1871
t113r46w5fi01,1871
t114r15w5fi01,1854
t114r16w5fi01,1854
t114r16w5fi03,1854
t114r16w5fm02,1854
t114r17w5fi01,1854
t114r18w5fi01,1855
t114r19w5fi01,1855
t114r20w5fi01,1855
t114r21w5fi01,1855
t114r22w5fi02,1855
t114r22w5fl01,1917
t114r22w5fm03,1855
t114r23w5fi01,1855
t114r24w5fi01,1855
t114r25w5fi01,1856
t114r26w5fi01,1855
t114r27w5fi01,1857
t114r27w5fm02,1857
t114r28w5fi01,1857
t114r28w5fm02,1857
t114r29w5fi01,1856
t114r30w5fi01,1855
t114r31w5fi01,1855
t114r32w5fi01,1858
t114r33w5fi01,1858
t114r34w5fi01,1858
t114r35w5fi01,1859
t114r36w5fi01,1859
t114r37w5fi01,1864
t114r37w5fi02,1866
t114r38w5fi01,1864
t114r38w5fi02,1867
t114r39w5fi01,1864
t114r40w5fi01,1864
t114r41w5fi01,1864
t114r42w5fi01,1867
t114r43w5fi01,1868
t114r44w5fi01,1872
t114r45w5fi01,1872
t114r46w5fi01,1872
t115r16w5fi01,1854
t115r17w5fi01,1854
t115r17w5fi02,1886
t115r17w5fm03,1886
t115r18w5fi01,1855
t115r19w5fi01,1855
t115r20w5fi01,1855
t115r21w5fi01,1855
t115r21w5fl02,1983
t115r21w5fl03,1983
t115r22w5fi01,1855
t115r22w5fm02,1855
t115r23w5fi01,1855
t115r23w5fm02,1855
t115r24w5fi01,1855
t115r25w5fi01,1856
t115r26w5fi01,1856
t115r27w5fi01,1857
t115r28w5fi01,1856
t115r29w5fi01,1857
t115r29w5fl02,1982
t115r30w5fi01,1855
t115r31w5fi01,1855
t115r32w5fi01,1858
t115r33w5fi01,1858
t115r34w5fi01,1858
t115r35w5fi01,1859
t115r36w5fi01,1866
t115r37w5fi01,1866
t115r38w5fi01,1864
t115r38w5fi02,1869
t115r39w5fd03,1997
t115r39w5fd04,1980
t115r39w5fd06,1994
t115r39w5fi01,1864
t115r39w5fi02,0
t115r39w5fl05,1966
t115r40w5fi01,1864
t115r41w5fi01,1864
t115r42w5fi01,1864
t115r43w5fi01,1868
t115r44w5fi01,1872
t115r45w5fi01,1872
t115r46w5fi01,1872
t116r21w5fi01,1855
t116r21w5fi02,1855
t116r21w5fl03,1983
t116r22w5fi01,1855
t116r22w5fi02,1855
t116r22w5fm03,1855
t116r23w5fi01,1855
t116r23w5fm02,1855
t116r24w5fi01,1883
t116r24w5fm02,1883
t116r25w5fi01,1872
t116r25w5fl03,1993
t116r25w5fm02,1872
t116r26w5fi01,1856
t116r27w5fi01,1857
t116r28w5fi01,1857
t116r29w5fi01,1856
t116r30w5fi01,1855
t116r31w5fi01,1855
t116r32w5fi01,1858
t116r33w5fi01,1858
t116r34w5fi01,1858
t116r35w5fi01,1858
t116r36w5fi01,1866
t116r37w5fi01,1866
t116r38w5fi01,1866
t116r39w5fi01,1865
t116r39w5fi02,1867
t116r40w5fi01,1867
t116r40w5fi02,1866
t116r41w5fi01,1865
t116r42w5fi01,1865
t116r43w5fi01,1871
t116r44w5fi01,1871
t116r45w5fi01,1871
t116r46w5fi01,1871
t117r21w5fi01,1855
t117r22w5fi01,1855
t117r23w5fi01,1885
t117r23w5fl03,1972
t117r23w5fl04,1972
t117r23w5fm02,1885
t117r24w5fi01,1874
t117r24w5fm02,1874
t117r25w5fi01,1857
t117r26w5fi01,1857
t117r27w5fi01,1857
t117r28w5fi01,1857
t117r29w5fi01,1857
t117r29w5fm02,1857
t117r30w5fi01,1857
t117r30w5fl03,1982
t117r30w5fl04,2000
t117r30w5fm02,1857
t117r31w5fi01,1857
t117r32w5fi01,1857
t117r33w5fi01,1857
t117r33w5fm02,1857
t117r34w5fi01,1857
t117r35w5fi01,1857
t117r36w5fi01,1857
t117r37w5fi01,1857
t117r38w5fi01,1857
t117r39w5fi01,1866
t117r40w5fi01,1865
t117r40w5fi02,1867
t117r41w5fi01,1866
t117r41w5fi02,1867
t117r42w5fi01,1865
t117r43w5fi01,1865
t117r44w5fi01,1871
t117r45w5fi01,1871
t117r46w5fi01,1871
t118r21w5fi01,1856
t118r21w5fl02,1916
t118r21w5fl03,1922
t118r22w5fi01,1856
t118r22w5fl02,1913
t118r23w5fi01,1856
t118r23w5fm02,1856
t118r24w5fi01,1884
t118r24w5fl03,0
t118r24w5fm02,1884
t118r25w5fi01,1857
t118r26w5fi01,1857
t118r27w5fi01,1857
t118r27w5fm02,1857
t118r28w5fi01,1857
t118r29w5fi01,1857
t118r29w5fm02,1857
t118r30w5fi01,1857
t118r30w5fl03,1982
t118r30w5fl04,1929
t118r30w5fm02,1857
t118r31w5fi01,1857
t118r31w5fm02,1857
t118r32w5fi01,1857
t118r33w5fi01,1884
t118r33w5fm02,1884
t118r34w5fi01,1877
t118r34w5fl03,2001
t118r34w5fm02,1877
t118r35w5fi01,1857
t118r36w5fi01,1857
t118r37w5fi01,1857
t118r38w5fi01,1857
t118r39w5fi01,1866
t118r40w5fi01,1866
t118r41w5fi01,1867
t118r41w5fi02,1866
t118r42w5fi01,1866
t118r42w5fi02,1869
t118r43w5fi01,1866
t118r44w5fi01,1865
t118r45w5fi01,1865
t118r46w5fi01,1871
t119r21w5fi01,1856
t119r22w5fi01,1856
t119r22w5fl02,1924
t119r23w5fi01,1856
t119r24w5fi01,1856
t119r25w5fi01,1857
t119r26w5fi01,1857
t119r27w5fi01,1867
t119r27w5fm02,1867
t119r28w5fi01,1857
t119r28w5fl02,1982
t119r29w5fi01,1856
t119r29w5fm02,1856
t119r30w5fi01,1857
t119r30w5fm02,1857
t119r31w5fi01,1857
t119r31w5fm02,1857
t119r32w5fi01,1857
t119r32w5fm02,1857
t119r33w5fi01,1857
t119r33w5fm02,1857
t119r34w5fi01,1857
t119r34w5fl02,2001
t119r35w5fi01,1857
t119r35w5fl02,1972
t119r36w5fi01,1857
t119r37w5fi01,1857
t119r38w5fi01,1857
t119r39w5fi01,1866
t119r40w5fi01,1866
t119r41w5fi01,1866
t119r42w5fi01,1869
t119r42w5fi02,1866
t119r43w5fi01,1866
t119r43w5fi02,1869
t119r44w5fi01,1866
t119r45w5fi01,1865
t119r46w5fi01,1866
t120r21w5fi01,1856
t120r22w5fi01,1856
t120r22w5fl03,1951
t120r22w5fm02,1856
t120r23w5fi01,1856
t120r24w5fi01,1890
t120r24w5fi03,1890
t120r24w5fl04,1902
t120r24w5fl05,1890
t120r24w5fm02,1890
t120r25w5fi01,1890
t120r26w5fi01,1857
t120r26w5fm01,1857
t120r27w5fi01,1857
t120r27w5fm02,1857
t120r28w5fi01,1857
t120r29w5fi01,1856
t120r30w5fi01,1857
t120r31w5fi01,1857
t120r32w5fi01,1857
t120r33w5fi01,1857
t120r33w5fm02,1857
t120r34w5fi01,1857
t120r34w5fm02,1857
t120r35w5fi01,1857
t120r35w5fm02,1857
t120r36w5fi01,1857
t120r36w5fl02,1982
t120r37w5fi01,1857
t120r38w5fi01,1857
t120r39w5fi01,1866
t120r40w5fi01,1866
t120r41w5fi01,1866
t120r42w5fi01,1869
t120r43w5fi01,1866
t120r43w5fi02,1869
t120r44w5fi01,1866
t120r44w5fi02,1869
t120r45w5fi01,1866
t120r45w5fi02,1869
t120r46w5fi01,1866
t121r22w5fi01,1856
t121r23w5fi01,1856
t121r24w5fi01,1890
t121r25w5fi01,1907
t121r25w5fl03,1906
t121r25w5fl04,1906
t121r25w5fm02,1907
t121r26w5fi01,1857
t121r27w5fi01,1884
t121r27w5fl02,1924
t121r27w5fl03,1937
t121r28w5fi01,1884
t121r28w5fl02,1926
t121r29w5fi01,1858
t121r30w5fd01,1858
t121r31w5fi01,1858
t121r32w5fi01,1857
t121r33w5fi01,1857
t121r34w5fi01,1858
t121r34w5fl02,1888
t121r35w5fi01,1858
t121r35w5fl03,1930
t121r35w5fm02,1858
t121r36w5fi01,1857
t121r36w5fm02,1857
t121r37w5fi01,1857
t121r38w5fi01,1857
t121r38w5fl02,1982
t121r39w5fi01,1867
t121r40w5fi01,1867
t121r41w5fi01,1870
t121r42w5fi01,1870
t121r43w5fi01,1871
t121r44w5fi01,1871
t121r45w5fi01,1869
t121r45w5fi02,1866
t121r46w5fi01,1882
t121r46w5fi02,1870
t122r25w5fi01,1857
t122r26w5fi01,1857
t122r26w5fm02,1857
t122r27w5fi01,1857
t122r27w5fm02,1857
t122r28w5fi01,1857
t122r29w5fi01,1858
t122r30w5fi01,1858
t122r31w5fi01,1858
t122r32w5fi01,1887
t122r32w5fi02,0
t122r33w5fi01,1857
t122r34w5fi01,1857
t122r35w5fi01,1858
t122r35w5fm02,1858
t122r36w5fi01,1857
t122r36w5fm02,1857
t122r37w5fi01,1857
t122r38w5fi01,1859
t122r39w5fi01,1867
t122r39w5fl02,1982
t122r40w5fi01,1868
t122r41w5fi01,1870
t122r42w5fi01,1870
t122r43w5fi01,1870
t122r44w5fi01,1889
t122r44w5fl02,1889
t122r45w5fi01,1871
t122r46w5fi01,1871
t122r47w5fi01,1871
t122r48w5fi01,1870
t123r27w5fi01,1857
t123r28w5fi01,1857
t123r29w5fi01,1858
t123r30w5fi01,1858
t123r31w5fi01,1858
t123r31w5fl02,1951
t123r32w5fi01,1857
t123r33w5fi01,1857
t123r34w5fi01,1857
t123r35w5fi01,1858
t123r36w5fi01,1858
t123r36w5fl03,1980
t123r36w5fm02,1858
t123r37w5fi01,1858
t123r37w5fl03,1942
t123r37w5fl04,1964
t123r37w5fm02,1858
t123r38w5fi01,1857
t123r39w5fi01,1868
t123r40w5fi01,1868
t123r41w5fi01,1867
t123r42w5fi01,1868
t123r43w5fi01,1869
t123r44w5fi01,1870
t123r45w5fi01,1871
t123r46w5fi01,1871
t123r47w5fi01,1871
t123r48w5fi01,1870
t123r49w5fi01,1870
t124r28w5fi01,1863
t124r28w5fi02,1857
t124r29w5fi01,1858
t124r30w5fi01,1858
t124r30w5fl02,1954
t124r31w5fi01,1858
t124r32w5fi01,1858
t124r33w5fi01,1858
t124r34w5fi01,1857
t124r35w5fi01,1857
t124r36w5fi01,1857
t124r37w5fi01,1857
t124r38w5fi01,1857
t124r38w5fm02,1857
t124r39w5fi01,1867
t124r40w5fi01,1867
t124r41w5fi01,1867
t124r42w5fi01,1868
t124r43w5fi01,1869
t124r44w5fi01,1870
t124r45w5fi01,1870
t124r46w5fi01,1871
t124r47w5fi01,1871
t124r48w5fi01,1870
t124r49w5fi01,1871
t124r49w5fi02,1866
t125r28w5fi01,1858
t125r29w5fi01,1858
t125r30w5fi01,1858
t125r31w5fi01,1858
t125r32w5fi01,1859
t125r33w5fi01,1859
t125r34w5fi01,1858
t125r35w5fi01,1859
t125r36w5fi01,1859
t125r37w5fi01,1860
t125r38w5fi01,1860
t125r38w5fl02,1960
t125r39w5fi01,1866
t125r40w5fi01,1866
t125r41w5fi01,1866
t125r42w5fi01,1867
t125r43w5fi01,1869
t125r44w5fi01,1870
t125r45w5fi01,1870
t125r46w5fi01,1871
t125r47w5fi01,1871
t125r48w5fi01,1871
t125r49w5fi01,1871
t125r49w5fi02,1871
t126r28w5fi01,1858
t126r29w5fi01,1858
t126r30w5fi01,1858
t126r31w5fi01,1858
t126r32w5fi01,1859
t126r33w5fi01,1859
t126r34w5fi01,1859
t126r35w5fi01,1858
t126r36w5fi01,1859
t126r37w5fi01,1860
t126r38w5fi01,1860
t126r39w5fi01,1866
t126r40w5fi01,1866
t126r41w5fi01,1866
t126r42w5fi01,1867
t126r43w5fi01,1869
t126r44w5fi01,1870
t126r45w5fi01,1870
t126r46w5fi01,1871
t126r47w5fi01,1871
t126r48w5fi01,1871
t126r49w5fi01,1871
t127r29w5fi01,1858
t127r30w5fi01,1858
t127r31w5fi01,1858
t127r32w5fi01,1901
t127r32w5fl02,1901
t127r33w5fi01,1859
t127r34w5fi01,1859
t127r35w5fi01,1859
t127r36w5fi01,1859
t127r37w5fi01,1867
t127r38w5fi01,1860
t127r39w5fi01,1867
t127r39w5fl02,1954
t127r39w5fl03,1930
t127r39w5fl04,1922
t127r40w5fi01,1866
t127r41w5fi01,1866
t127r42w5fi01,1869
t127r43w5fi01,1869
t127r43w5fl02,1982
t127r44w5fi01,1869
t127r45w5fi01,1869
t127r46w5fi01,1872
t127r47w5fi01,1872
t128r29w5fi01,1858
t128r30w5fi01,1858
t128r31w5fi01,1858
t128r32w5fi01,1859
t128r33w5fi01,1859
t128r34w5fi01,1859
t128r35w5fi01,1859
t128r36w5fi01,1859
t128r37w5fi01,1882
t128r38w5fi01,1882
t128r38w5fl02,1937
t128r38w5fl03,1936
t128r39w5fi01,1862
t128r40w5fi01,1890
t128r40w5fl02,1890
t128r41w5fi01,1861
t128r42w5fi01,1869
t128r42w5fl02,1982
t128r43w5fi01,1869
t128r43w5fl02,1982
t128r44w5fi01,1869
t128r45w5fi01,1869
t128r46w5fi01,1872
t128r47w5fi01,1872
t129r29w5fi01,1882
t129r30w5fi01,1858
t129r31w5fi01,1859
t129r32w5fi01,1859
t129r33w5fi01,1903
t129r34w5fi01,1859
t129r35w5fi01,1859
t129r36w5fi01,1862
t129r37w5fi01,1862
t129r38w5fi01,1862
t129r39w5fi01,1860
t129r39w5fl02,1918
t129r40w5fi01,1860
t129r41w5fi01,1862
t129r41w5fl02,1960
t129r41w5fl03,1982
t129r42w5fd02,1946
t129r42w5fi01,1876
t129r43w5fi01,1869
t129r44w5fi01,1869
t129r45w5fi01,1869
t129r46w5fi01,1869
t129r47w5fi01,1870
t130r29w5fi01,1882
t130r29w5fl02,1940
t130r30w5fi01,1859
t130r31w5fi01,1859
t130r32w5fi01,1859
t130r33w5fi01,1859
t130r34w5fi01,1859
t130r35w5fi01,1859
t130r36w5fi01,1871
t130r37w5fi01,1871
t130r38w5fi01,1867
t130r39w5fi01,1867
t130r40w5fi01,1860
t130r41w5fd02,1952
t130r41w5fi01,1884
t130r42w5fi01,1860
t130r43w5fi01,1869
t130r44w5fi01,1869
t130r45w5fi01,1869
t130r46w5fi01,1869
t130r47w5fi01,1870
t131r29w5fi01,1875
t131r29w5fl02,1932
t131r29w5fl03,1940
t131r30w5fi01,1859
t131r31w5fi01,1859
t131r32w5fi01,1898
t131r32w5fl02,1982
t131r32w5fl03,1898
t131r33w5fi01,1858
t131r34w5fi01,1859
t131r35w5fi01,1859
t131r36w5fi01,1871
t131r37w5fi01,1871
t131r38w5fi02,1872
t131r38w5fl01,1982
t131r39w5fi03,1872
t131r39w5fl01,1988
t131r39w5fl02,1982
t131r39w5fl04,1999
t131r40w5fi01,1867
t131r41w5fi02,1870
t131r41w5fl01,1851
t131r42w5fi01,1861
t131r43w5fi01,1861
t131r44w5fi01,1870
t131r45w5fi01,1870
t131r46w5fi01,1870
t131r47w5fi01,1870
t132r29w5fi01,1875
t132r29w5fl02,1958
t132r29w5fl03,1962
t132r29w5fs04,1940
t132r30w5fi01,1859
t132r31w5fi01,1859
t132r31w5fl02,1906
t132r31w5fl03,1910
t132r31w5fl04,1906
t132r31w5fl05,1910
t132r31w5fl06,1918
t132r31w5fl07,1924
t132r31w5fl08,1972
t132r32w5fi01,1859
t132r33w5fi01,1859
t132r34w5fi01,1859
t132r35w5fi01,1859
t132r36w5fi01,1871
t132r37w5fi01,1871
t132r38w5fi01,1871
t132r39w5fi01,1872
t132r40w5fi01,1867
t132r40w5fl02,1962
t132r41w5fi01,1870
t132r42w5fi01,1860
t132r43w5fi01,1859
t132r44w5fi01,1859
t132r45w5fi01,1859
t132r46w5fi01,1858
t132r47w5fi01,1858
t133r28w5fi01,1870
t133r29w5fi01,1871
t133r29w5fl02,1951
t133r30w5fi02,1871
t133r30w5fl01,1954
t133r31w5fi01,1863
t133r32w5fi01,1863
t133r33w5fi01,1863
t133r34w5fi01,1863
t133r35w5fi01,1863
t133r36w5fi01,1870
t133r37w5fi01,1861
t133r38w5fi01,1859
t133r39w5fi01,1859
t133r40w5fi01,1859
t133r41w5fi01,1872
t133r41w5fl02,1902
t133r42w5fi01,1860
t133r43w5fi01,1859
t133r44w5fi01,1861
t133r45w5fi01,1861
t133r46w5fi01,1858
t133r47w5fi01,1858
t133r48w5fi01,1858
t134r27w5fi01,1871
t134r28w5fi01,1881
t134r29w5fi01,1865
t134r29w5fi02,1913
t134r29w5fl03,1909
t134r30w5fi01,1869
t134r31w5fi01,1870
t134r32w5fi01,1871
t134r33w5fi01,1864
t134r34w5fi01,1863
t134r35w5fi01,1870
t134r36w5fi01,1870
t134r37w5fi01,1861
t134r38w5fi01,1859
t134r39w5fi02,1859
t134r39w5fl01,1938
t134r40w5fi01,1859
t134r41w5fi01,1872
t134r42w5fi01,1872
t134r42w5fl02,1991
t134r43w5fi01,1870
t134r43w5fl02,1982
t134r44w5fi01,1870
t134r45w5fi01,1870
t134r46w5fi01,1859
t134r47w5fi01,1859
t134r48w5fi01,1859
t135r26w5fi01,1863
t135r27w5fi01,1864
t135r28w5fi01,1902
t135r28w5fl02,1902
t135r29w5fi01,1902
t135r30w5fi01,1870
t135r31w5fi01,1871
t135r32w5fi01,1867
t135r33w5fi01,1867
t135r34w5fi01,1864
t135r35w5fi01,1871
t135r36w5fi01,1871
t135r37w5fi01,1861
t135r38w5fi01,1859
t135r39w5fi01,1859
t135r40w5fi01,1859
t135r41w5fi01,1872
t135r42w5fi01,1871
t135r43w5fi01,1870
t135r43w5fl02,1964
t135r43w5fl03,1964
t135r44w5fi01,1870
t135r45w5fi01,1870
t135r46w5fi01,1870
t135r47w5fi01,1870
t135r48w5fi01,1859
t136r25w5fi01,1864
t136r26w5fi01,1863
t136r27w5fi01,1864
t136r28w5fi01,1871
t136r28w5fl02,1924
t136r29w5fi01,1871
t136r30w5fi01,1871
t136r31w5fi01,1871
t136r32w5fi01,1867
t136r33w5fi01,1867
t136r34w5fi01,1876
t136r35w5fi01,1870
t136r36w5fi01,1871
t136r37w5fi01,1861
t136r38w5fi01,1861
t136r39w5fi01,1861
t136r40w5fi01,1861
t136r40w5fl02,1954
t136r41w5fi01,1871
t136r41w5fl02,1965
t136r41w5fl04,1965
t136r41w5fs03,1933
t136r42w5fi01,1902
t136r42w5fl02,1902
t136r43w5fi01,1870
t136r44w5fi01,1872
t136r45w5fi01,1870
t136r46w5fi01,1870
t136r47w5fi01,1870
t136r48w5fi01,1859
t136r49w5fi01,1859
t137r25w5fi02,1864
t137r25w5fl01,1972
t137r25w5fl03,1927
t137r26w5fi01,1864
t137r27w5fi01,1864
t137r27w5fl02,1938
t137r27w5fl03,1925
t137r28w5fi01,1864
t137r29w5fi01,1895
t137r30w5fi01,1870
t137r31w5fi01,1871
t137r32w5fi01,1871
t137r33w5fi01,1867
t137r34w5fi01,1867
t137r35w5fi01,1871
t137r36w5fi01,1871
t137r37w5fi01,1871
t137r38w5fi01,1870
t137r39w5fi01,1871
t137r40w5fi01,1871
t137r41w5fi01,1871
t137r41w5fl02,1964
t137r41w5fl03,1964
t137r41w5fl04,1964
t137r41w5fl05,1964
t137r41w5fl06,1964
t137r41w5fl07,1912
t137r42w5fi01,1871
t137r42w5fl02,1928
t137r43w5fi01,1872
t137r44w5fi01,1871
t137r45w5fi01,1871
t137r46w5fi01,1870
t137r47w5fi01,1870
t137r48w5fi01,1859
t138r25w5fi01,1864
t138r26w5fi01,1864
t138r27w5fi01,1864
t138r28w5fi01,1864
t138r29w5fi01,1865
t138r30w5fi01,1865
t138r31w5fi01,1871
t138r32w5fi01,1871
t138r33w5fi01,1871
t138r34w5fi01,1861
t138r35w5fi01,1861
t138r36w5fi01,1871
t138r37w5fi01,1871
t138r38w5fi01,1871
t138r39w5fi01,1872
t138r39w5fl02,1972
t138r40w5fi01,1871
t138r41w5fi01,1871
t138r42w5fi01,1871
t138r42w5fl02,1962
t138r42w5fl03,1962
t138r42w5fl04,1918
t138r42w5fl05,1982
t138r43w5fi01,1871
t138r43w5fl02,1964
t138r43w5fl03,1930
t138r43w5fl04,1962
t138r44w5fi01,1871
t138r45w5fi01,1871
t138r46w5fi01,1871
t138r47w5fi01,1871
t138r48w5fi01,1859
t138r49w5fi01,1859
t139r25w5fi01,1864
t139r26w5fi01,1864
t139r26w5fl02,1957
t139r27w5fi01,1864
t139r28w5fi01,1864
t139r29w5fi01,1866
t139r29w5fl02,1912
t139r29w5fl03,1940
t139r30w5fi01,1865
t139r31w5fi01,1871
t139r32w5fi01,1871
t139r33w5fi01,1871
t139r33w5fl02,1922
t139r34w5fi01,1861
t139r35w5fi01,1861
t139r36w5fi01,1871
t139r37w5fi01,1871
t139r38w5fi01,1872
t139r39w5fi01,1871
t139r39w5fl02,1982
t139r40w5fi01,1871
t139r40w5fl02,2000
t139r41w5fi01,1872
t139r42w5fi01,1875
t139r42w5fl02,1932
t139r43w5fi01,1870
t139r43w5fl02,1932
t139r43w5fl03,1939
t139r43w5fl04,1964
t139r43w5fl05,1951
t139r44w5fi01,1871
t139r44w5fl02,1924
t139r45w5fi01,1871
t139r46w5fi01,1871
t139r47w5fi01,1860
t139r48w5fi01,1860
t139r49w5fi01,1860
t140r25w5fi01,1868
t140r26w5fi01,1872
t140r27w5fi01,1874
t140r28w5fi01,1870
t140r28w5fl02,1915
t140r28w5fl03,1923
t140r29w5fi01,1870
t140r29w5fl02,1962
t140r30w5fi01,1866
t140r31w5fi01,1871
t140r31w5fl02,1912
t140r31w5fl03,1913
t140r31w5fl04,1922
t140r31w5fo05,1947
t140r32w5fi01,1871
t140r33w5fi01,1872
t140r33w5fl02,1982
t140r33w5fl03,1903
t140r33w5fl04,1920
t140r34w5fi01,1861
t140r34w5fl02,1982
t140r34w5fl03,1982
t140r35w5fi01,1871
t140r36w5fi01,1871
t140r37w5fi01,1871
t140r38w5fi01,1871
t140r38w5fl02,1930
t140r39w5fi01,1871
t140r40w5fi01,1871
t140r40w5fl02,1932
t140r40w5fl03,1929
t140r40w5fl04,1913
t140r41w5fi01,1871
t140r42w5fi01,1871
t140r43w5fi01,1871
t140r43w5fl02,1982
t140r44w5fi01,1871
t140r45w5fi01,1871
t140r46w5fi01,1871
t140r47w5fi01,1870
t140r48w5fi01,1859
t140r49w5fi01,1859
t141r25w5fi01,1872
t141r26w5fi01,1872
t141r26w5fl02,1920
t141r27w5fd04,1924
t141r27w5fd05,1924
t141r27w5fi01,0
t141r27w5fs02,1912
t141r27w5fs03,1915
t141r28w5fd02,1924
t141r28w5fd03,1924
t141r28w5fd04,1924
t141r28w5fd05,1924
t141r28w5fi01,1874
t141r28w5fs06,1912
t141r29w5fd02,1924
t141r29w5fd03,1924
t141r29w5fd06,1924
t141r29w5fi01,1874
t141r29w5fs04,1912
t141r29w5fs05,1928
t141r29w5fs07,1933
t141r30w5fd04,1922
t141r30w5fd05,1922
t141r30w5fi01,1874
t141r30w5fs02,1912
t141r30w5fs03,1912
t141r31w5fd04,1923
t141r31w5fi01,1874
t141r31w5fs02,1906
t141r31w5fs03,1912
t141r32w5fi01,1873
t141r33w5fi01,1874
t141r33w5fl02,1982
t141r33w5fl03,1982
t141r33w5fl04,1982
t141r33w5fl05,1982
t141r33w5fl06,1922
t141r34w5fi01,1874
t141r34w5fl02,1922
t141r35w5fi01,1879
t141r35w5fl02,1982
t141r36w5fi01,1879
t141r37w5fd03,1941
t141r37w5fi01,1874
t141r37w5fi02,1885
t141r38w5fd03,1983
t141r38w5fd04,1990
t141r38w5fd05,2005
t141r38w5fi01,1874
t141r38w5fi02,1885
t141r39w5fi01,1874
t141r39w5fl02,1932
t141r39w5fl03,1931
t141r40w5fi01,1872
t141r40w5fs02,1916
t141r41w5fi01,1872
t141r41w5fs02,1919
t141r42w5fi01,1871
t141r43w5fi01,1871
t141r44w5fi01,1871
t141r44w5fl02,1965
t141r45w5fi01,1871
t141r46w5fi01,1871
t141r47w5fi01,1871
t141r48w5fi01,1859
t141r49w5fi01,1859
t142r25w5fi01,1872
t142r26w5fi01,1873
t142r26w5fl02,1915
t142r27w5fd02,1924
t142r27w5fd05,1924
t142r27w5fi01,0
t142r27w5fs03,1912
t142r27w5fs04,1912
t142r27w5fs06,1913
t142r28w5fd02,1930
t142r28w5fd05,1930
t142r28w5fd06,1930
t142r28w5fd07,1930
t142r28w5fi01,1874
t142r28w5fs03,1912
t142r28w5fs04,1914
t142r28w5fs08,1931
t142r29w5fi01,1875
t142r29w5fs02,1917
t142r29w5fs03,1912
t142r29w5fs04,1917
t142r29w5fs05,1921
t142r29w5fs06,1928
t142r29w5fs07,1928
t142r29w5fs08,1929
t142r30w5fd04,1923
t142r30w5fd05,1923
t142r30w5fd06,1923
t142r30w5fi01,1875
t142r30w5fs02,1912
t142r30w5fs03,1912
t142r30w5fs07,1918
t142r30w5fs08,1936
t142r30w5fs09,1949
t142r31w5fd03,1924
t142r31w5fd07,1976
t142r31w5fi01,1874
t142r31w5fs02,1912
t142r31w5fs04,1922
t142r31w5fs05,1939
t142r31w5fs06,1939
t142r32w5fi01,1873
t142r33w5fi01,1874
t142r33w5fl02,1913
t142r34w5fi01,1874
t142r34w5fl02,1926
t142r34w5fl03,1982
t142r34w5fl04,1982
t142r34w5fl05,1959
t142r34w5fl06,1927
t142r35w5fi01,1879
t142r36w5fi01,1876
t142r37w5fi01,1874
t142r37w5fl03,1977
t142r37w5fl04,1945
t142r37w5fs02,1913
t142r38w5fi01,1874
t142r39w5fd02,1995
t142r39w5fd03,1978
t142r39w5fd04,1989
t142r39w5fd05,1989
t142r39w5fd06,1989
t142r39w5fi01,1874
t142r40w5fd02,1983
t142r40w5fi01,1871
t142r41w5fd02,1999
t142r41w5fd03,1978
t142r41w5fi01,1872
t142r41w5fs04,1912
t142r42w5fi01,1871
t142r42w5fs02,1912
t142r43w5fi01,1871
t142r44w5fi01,1871
t142r45w5fi01,1871
t142r46w5fi01,1871
t142r47w5fi01,1871
t142r48w5fi01,1860
t142r49w5fi01,1860
t143r25w5fd04,1980
t143r25w5fd05,1985
t143r25w5fi01,1874
t143r25w5fl02,1922
t143r25w5fl03,1927
t143r26w5fi01,1872
t143r26w5fi02,1900
t143r26w5fs03,1925
t143r27w5fd02,1930
t143r27w5fi01,1873
t143r28w5fd03,1930
t143r28w5fi01,1874
t143r28w5fs02,1912
t143r29w5fd01,1926
t143r29w5fd04,1977
t143r29w5fd05,1923
t143r29w5fi02,1874
t143r29w5fs03,1912
t143r30w5fd03,1925
t143r30w5fd04,1924
t143r30w5fd05,1926
t143r30w5fi01,1875
t143r30w5fs02,1912
t143r31w5fd05,1923
t143r31w5fd06,1923
t143r31w5fd07,1923
t143r31w5fd08,1923
t143r31w5fi01,1875
t143r31w5fs02,1915
t143r31w5fs03,1916
t143r31w5fs04,1918
t143r32w5fd02,1924
t143r32w5fi01,1874
t143r33w5fi01,1874
t143r34w5fi01,1879
t143r35w5fi01,1879
t143r36w5fi01,1891
t143r36w5fl02,1891
t143r37w5fd04,2005
t143r37w5fd05,2005
t143r37w5fd06,2005
t143r37w5fd07,2005
t143r37w5fd08,2005
t143r37w5fi01,1891
t143r37w5fi03,1875
t143r37w5fl02,1977
t143r38w5fi01,1875
t143r39w5fd02,2000
t143r39w5fd03,1995
t143r39w5fd04,1988
t143r39w5fd07,1983
t143r39w5fi01,1875
t143r39w5fl05,1931
t143r39w5fl06,1977
t143r40w5fi01,1872
t143r41w5fi01,1871
t143r42w5fi01,1871
t143r43w5fi01,1871
t143r44w5fi01,1871
t143r45w5fi01,1872
t143r46w5fi01,1872
t143r47w5fi01,1872
t143r48w5fi01,1860
t143r49w5fi01,1860
t144r25w5fi01,1876
t144r26w5fi01,1876
t144r26w5fi02,1900
t144r26w5fs03,1925
t144r27w5fd03,1943
t144r27w5fi01,1874
t144r27w5fs02,1965
t144r28w5fi01,1874
t144r28w5fi02,1900
t144r29w5fi01,1874
t144r29w5fs02,1928
t144r29w5fs03,1928
t144r29w5fs04,1928
t144r29w5fs05,1931
t144r30w5fd02,1931
t144r30w5fi01,1875
t144r30w5fs03,1927
t144r31w5fd02,1932
t144r31w5fi01,1875
t144r32w5fd02,1932
t144r32w5fi01,1874
t144r33w5fi01,1874
t144r34w5fi01,1879
t144r35w5fi01,1879
t144r36w5fi01,1876
t144r37w5fd03,1983
t144r37w5fi01,1891
t144r37w5fi02,1875
t144r38w5fd02,1978
t144r38w5fd03,1990
t144r38w5fi01,1875
t144r39w5fd02,1987
t144r39w5fd03,1978
t144r39w5fd04,1983
t144r39w5fi01,1875
t144r39w5fs05,1918
t144r40w5fi01,1875
t144r41w5fi01,1872
t144r41w5fl02,1931
t144r42w5fi01,1871
t144r43w5fi01,1872
t144r44w5fi01,1872
t144r45w5fi01,1872
t144r46w5fi01,1872
t144r47w5fi01,1872
t144r48w5fi01,1872
t144r49w5fi01,1860
t145r25w5fi01,1876
t145r26w5fi01,1876
t145r26w5fs02,1929
t145r27w5fi01,1874
t145r28w5fi01,1874
t145r28w5fs02,1929
t145r29w5fd02,1977
t145r29w5fi01,1874
t145r30w5fd03,1939
t145r30w5fi01,1874
t145r30w5fs02,1915
t145r30w5fs04,1939
t145r31w5fd02,1987
t145r31w5fd04,1937
t145r31w5fd05,1967
t145r31w5fi01,1875
t145r31w5fi07,0
t145r31w5fi08,0
t145r31w5fs03,1931
t145r31w5fs06,1905
t145r32w5fi01,1874
t145r32w5fs02,1905
t145r32w5fs03,1911
t145r32w5fs04,1912
t145r33w5fi01,1874
t145r34w5fi01,1874
t145r34w5fl02,1960
t145r35w5fi01,1875
t145r36w5fi01,1875
t145r37w5fi01,1875
t145r37w5fi02,1891
t145r38w5fd02,1997
t145r38w5fd03,1978
t145r38w5fi01,1875
t145r39w5fi01,1875
t145r40w5fi01,1888
t145r40w5fi02,1875
t145r41w5fi01,1872
t145r41w5fs02,1920
t145r42w5fi01,1871
t145r43w5fi01,1872
t145r44w5fi01,1872
t145r45w5fi01,1872
t145r46w5fi01,1872
t145r47w5fi01,1872
t145r48w5fi01,1872
t145r49w5fi01,1872
t146r25w5fi01,1876
t146r26w5fd02,2000
t146r26w5fi01,1876
t146r26w5fs03,1929
t146r27w5fd01,2000
t146r27w5fi02,1876
t146r27w5fs03,1994
t146r28w5fi01,1874
t146r29w5fd02,1940
t146r29w5fi01,1876
t146r29w5fs03,1991
t146r30w5fd03,1938
t146r30w5fi01,1876
t146r30w5fs02,1922
t146r30w5fs04,1938
t146r30w5fs05,1938
t146r31w5fd04,1939
t146r31w5fd05,1939
t146r31w5fd06,1939
t146r31w5fd07,1939
t146r31w5fi01,1875
t146r31w5fs02,1914
t146r31w5fs03,1915
t146r32w5fd02,1939
t146r32w5fi01,1874
t146r33w5fi01,1874
t146r34w5fi01,1874
t146r35w5fi01,1875
t146r36w5fi01,1875
t146r37w5fi01,1891
t146r37w5fi02,1874
t146r38w5fi01,1873
t146r38w5fs02,1912
t146r39w5fi01,1874
t146r39w5fl02,1977
t146r39w5fl05,1931
t146r39w5fs03,1918
t146r39w5fs04,1920
t146r39w5fs06,1938
t146r40w5fi01,1874
t146r40w5fi02,1888
t146r40w5fs03,1916
t146r40w5fs04,1917
t146r40w5fs05,1921
t146r41w5fi01,1872
t146r42w5fi01,1872
t146r43w5fi01,1873
t146r44w5fi01,1872
t146r45w5fi01,1872
t146r46w5fi01,1872
t146r47w5fi01,1872
t146r48w5fi01,1872
t146r49w5fi01,1873
t147r25w5fi01,1876
t147r26w5fd02,1977
t147r26w5fi01,1876
t147r27w5fd02,1929
t147r27w5fd03,1942
t147r27w5fi01,1874
t147r28w5fi01,1874
t147r29w5fi01,1876
t147r30w5fi01,1874
t147r30w5fl03,1977
t147r30w5fs02,1912
t147r31w5fd02,1933
t147r31w5fd03,1933
t147r31w5fi01,1874
t147r32w5fi01,1874
t147r32w5fl02,1912
t147r33w5fi01,1874
t147r34w5fi01,1874
t147r35w5fi01,1875
t147r35w5fi02,1892
t147r36w5fi01,1875
t147r36w5fi02,1892
t147r37w5fi01,1892
t147r37w5fi02,1885
t147r38w5fi01,1892
t147r38w5fi02,1884
t147r39w5fi01,1873
t147r40w5fi01,1870
t147r41w5fi01,1872
t147r42w5fi01,1872
t147r43w5fi01,1872
t147r44w5fi01,1872
t147r45w5fi01,1873
t147r46w5fi01,1872
t147r47w5fi01,1872
t147r48w5fi01,1872
t147r49w5fi01,1873
t148r25w5fi01,1876
t148r25w5fl02,1950
t148r26w5fi01,1876
t148r27w5fd02,1994
t148r27w5fd03,1933
t148r27w5fi01,1876
t148r28w5fi01,1876
t148r28w5fs02,1908
t148r29w5fi01,1894
t148r30w5fi01,1874
t148r31w5fi01,1874
t148r32w5fd04,1956
t148r32w5fd05,1956
t148r32w5fi01,1875
t148r32w5fl02,1924
t148r32w5fl03,1924
t148r33w5fi01,1892
t148r33w5fi02,1875
t148r33w5fl03,1903
t148r34w5fi01,1892
t148r34w5fi02,1891
t148r35w5fi01,1892
t148r35w5fi02,1892
t148r35w5fl03,1926
t148r36w5fi01,1892
t148r37w5fi01,1892
t148r38w5fi01,1892
t148r38w5fi02,1887
t148r39w5fi01,1873
t148r39w5fi02,1892
t148r40w5fi01,1872
t148r41w5fi01,1873
t148r42w5fi01,1873
t148r43w5fi01,1873
t148r44w5fi01,1873
t148r45w5fi01,1873
t148r46w5fi01,1872
t148r47w5fi01,1872
t148r48w5fi01,1872
t148r49w5fi01,1873
t149r25w5fi01,1876
t149r26w5fi01,1876
t149r27w5fi01,1876
t149r28w5fi01,1897
t149r29w5fi01,1897
t149r30w5fi01,1893
t149r31w5fi01,1894
t149r32w5fi01,1892
t149r32w5fi02,1891
t149r33w5fi01,1891
t149r33w5fi02,1892
t149r34w5fi01,1891
t149r35w5fi01,1891
t149r36w5fi01,1891
t149r36w5fl02,1982
t149r37w5fi01,1891
t149r38w5fi01,1891
t149r39w5fi01,1887
t149r39w5fi02,1891
t149r39w5fi03,1896
t149r39w5fi04,1896
t149r39w5fi05,1896
t149r40w5fi01,1876
t149r40w5fs02,1917
t149r40w5fs03,1922
t149r40w5fs04,1922
t149r41w5fi01,1877
t149r42w5fi01,1877
t149r43w5fi01,1877
t149r44w5fi01,1874
t149r45w5fi01,1874
t149r46w5fi01,1872
t149r47w5fi01,1872
t149r48w5fi01,1872
t149r49w5fi01,1873
t150r25w5fi01,1882
t150r26w5fi01,1882
t150r27w5fd02,1994
t150r27w5fi01,1885
t150r27w5fo03,1962
t150r28w5fi01,1897
t150r29w5fi01,1895
t150r30w5fi01,1894
t150r31w5fi01,1894
t150r32w5fi01,1890
t150r32w5fi02,1891
t150r33w5fi01,1892
t150r34w5fi01,1892
t150r34w5fl02,1931
t150r35w5fi01,1892
t150r36w5fi01,1892
t150r37w5fi01,1891
t150r38w5fi01,1891
t150r39w5fi01,1891
t150r39w5fi02,1896
t150r40w5fi01,1891
t150r40w5fi02,1879
t150r41w5fi01,1877
t150r42w5fi01,1877
t150r43w5fi01,1876
t150r44w5fi01,1874
t150r45w5fi01,1874
t150r46w5fi01,1872
t150r47w5fi01,1872
t150r48w5fi01,1872
t150r49w5fi01,1873
t151r25w5fi01,1899
t151r26w5fi01,1899
t151r27w5fi01,1897
t151r28w5fi01,1904
t151r28w5fl02,1904
t151r29w5fi01,1898
t151r30w5fi01,1892
t151r31w5fi01,1892
t151r31w5fi02,1892
t151r31w5fs03,1903
t151r32w5fi01,1892
t151r32w5fi02,1892
t151r33w5fi01,1892
t151r34w5fi01,1892
t151r34w5fs02,1920
t151r35w5fi01,1892
t151r36w5fi01,1892
t151r37w5fi01,1892
t151r38w5fi01,1892
t151r39w5fi01,1891
t151r40w5fi01,1891
t151r41w5fi01,1879
t151r41w5fi02,1891
t151r41w5fs03,1904
t151r42w5fi01,1877
t151r43w5fi01,1877
t151r44w5fi01,1874
t151r45w5fi01,1874
t151r46w5fi01,1872
t151r47w5fi01,1872
t151r48w5fi01,1872
t151r49w5fi01,1873
t151r50w5fi01,1873
t152r25w5fi01,1901
t152r26w5fi01,1896
t152r27w5fi01,1896
t152r27w5fl02,2000
t152r28w5fi01,1895
t152r29w5fi01,1892
t152r30w5fi01,1893
t152r30w5fi02,1892
t152r31w5fi01,1892
t152r31w5fi02,1894
t152r32w5fi01,1892
t152r32w5fs02,1925
t152r33w5fi01,1892
t152r33w5hs02,1925
t152r34w5fi01,1892
t152r34w5hs02,1925
t152r36w5fi01,1892
t152r37w5fi01,1892
t152r38w5fi01,1892
t152r39w5fi01,1891
t152r40w5fi01,1891
t152r41w5fi01,1891
t152r41w5fi02,1891
t152r42w5fi01,1881
t152r42w5fi02,1893
t152r42w5fs03,1904
t152r43w5fi01,1877
t152r44w5fi01,1874
t152r45w5fi01,1874
t152r46w5fi01,1872
t152r47w5fi01,1872
t152r48w5fi01,1872
t152r49w5fi01,1872
t152r50w5fi01,1873
t153r25w5fi01,1907
t153r26w5fi01,1907
t153r26w5fs02,1907
t153r27w5fi01,1897
t153r28w5fi01,1900
t153r29w5fi01,1895
t153r30w5fi01,1894
t153r30w5fi02,1892
t153r31w5fi01,1891
t153r32w5fd02,1979
t153r32w5fi01,1891
t153r32w5fs03,1925
t153r33w5fd02,1979
t153r33w5fi01,1892
t153r33w5fs03,1925
t153r34w5fi01,1892
t153r34w5fi02,1892
t153r34w5hs03,1925
t153r35w5fi01,1892
t153r36w5fi01,1892
t153r37w5fi01,1892
t153r38w5fi01,1892
t153r39w5fi01,1892
t153r40w5fi01,1893
t153r41w5fi01,1893
t153r42w5fi01,1888
t153r42w5fi02,1893
t153r43w5fi01,1879
t153r43w5fi02,1893
t153r44w5fi01,1873
t153r45w5fi01,1873
t153r46w5fi01,1872
t153r47w5fi01,1872
t153r48w5fi01,1872
t153r49w5fi01,1873
t153r50w5fi01,1873
t154r25w5fi01,1898
t154r26w5fi01,1883
t154r27w5fi01,1907
t154r28w5fi01,1900
t154r29w5fi01,1894
t154r29w5fi02,1894
t154r30w5fi01,1892
t154r31w5fi01,1892
t154r32w5fi01,1899
t154r33w5fi01,1892
t154r34w5fi01,1892
t154r35w5fi01,1892
t154r36w5fi01,1892
t154r37w5fi01,1892
t154r38w5fi01,1892
t154r39w5fi01,1892
t154r40w5fi01,1893
t154r41w5fi01,1893
t154r42w5fi01,1893
t154r43w5fi01,1879
t154r43w5fi02,1893
t154r44w5fi01,1877
t154r45w5fi01,1876
t154r46w5fi01,1872
t154r47w5fi01,1872
t154r48w5fi01,1872
t154r49w5fi01,1872
t154r50w5fi01,1873
t155r25w5fi01,1898
t155r26w5fi01,1898
t155r27w5fi01,1907
t155r28w5fi01,1894
t155r28w5fi02,1894
t155r29w5fi01,1894
t155r29w5fi02,1894
t155r30w5fi01,1892
t155r31w5fi01,1892
t155r32w5fi01,1899
t155r33w5fi01,1899
t155r34w5fi01,1899
t155r35w5fi01,1899
t155r36w5fi01,1893
t155r37w5fi01,1893
t155r38w5fi01,1893
t155r39w5fi01,1893
t155r40w5fi01,1893
t155r41w5fi01,1893
t155r42w5fi01,1893
t155r42w5fi02,1893
t155r43w5fi01,1893
t155r43w5fi02,1879
t155r44w5fi01,1877
t155r45w5fi01,1877
t155r46w5fi01,1872
t155r47w5fi01,1872
t155r48w5fi01,1872
t155r49w5fi01,1872
t155r50w5fi01,1873
t156r25w5fi01,1903
t156r26w5fi01,1883
t156r27w5fi01,1894
t156r27w5fi02,1894
t156r28w5fi01,1894
t156r28w5fi02,1894
t156r28w5fs03,1957
t156r29w5fd02,1981
t156r29w5fi01,1894
t156r30w5fi01,1892
t156r31w5fi01,1892
t156r32w5fi01,1899
t156r33w5fi01,1899
t156r34w5fi01,1899
t156r35w5fi01,1899
t156r36w5fi01,1893
t156r37w5fi01,1893
t156r38w5fi01,1893
t156r39w5fi01,1893
t156r40w5fi01,1891
t156r41w5fi01,1893
t156r41w5fl02,1903
t156r41w5fs03,1914
t156r42w5fi01,1879
t156r42w5fi02,1893
t156r42w5fs03,1914
t156r43w5fi01,1877
t156r44w5fi01,1878
t156r45w5fi01,1878
t156r46w5fi01,1873
t156r47w5fi01,1872
t156r48w5fi01,1872
t156r49w5fi01,1872
t156r50w5fi01,1873
t156r51w5fi01,1873
t157r25w5fi01,1903
t157r25w5fi02,1903
t157r26w5fi01,1883
t157r27w5fi01,1897
t157r27w5fi02,1897
t157r28w5fi01,1911
t157r29w5fi01,1898
t157r30w5fi01,1898
t157r31w5fi01,1898
t157r32w5fi01,1910
t157r33w5fi01,1910
t157r34w5fi01,1910
t157r35w5fi01,1910
t157r36w5fi01,1900
t157r37w5fi01,1900
t157r38w5fi01,1900
t157r39w5fi01,1893
t157r40w5fi01,1894
t157r41w5fi01,1894
t157r41w5fi02,1893
t157r42w5fi01,1893
t157r42w5fi02,1879
t157r43w5fi01,1877
t157r44w5fi01,1877
t157r45w5fi01,1877
t157r46w5fi01,1873
t157r47w5fi01,1873
t157r48w5fi01,1872
t157r49w5fi01,1872
t157r50w5fe02,1928
t157r50w5fi01,1872
t158r25w5fi01,1893
t158r25w5fi02,1893
t158r26w5fi01,1897
t158r26w5fi02,1897
t158r26w5fi03,1897
t158r26w5fi04,1893
t158r26w5fi05,1897
t158r26w5fi06,1893
t158r27w5fi01,1897
t158r27w5fi02,1897
t158r28w5fi01,1898
t158r29w5fi01,1899
t158r30w5fi01,1899
t158r31w5fi01,1898
t158r32w5fi01,1910
t158r33w5fi01,1910
t158r34w5fi01,1910
t158r35w5fi01,1910
t158r36w5fi01,1900
t158r37w5fi01,1900
t158r38w5fi01,1900
t158r39w5fi01,1893
t158r40w5fi01,1893
t158r40w5fi02,1894
t158r41w5fi01,1894
t158r41w5fi02,1893
t158r42w5fi01,1894
t158r43w5fi01,1877
t158r44w5fi01,1877
t158r45w5fi01,1877
t158r46w5fi01,1873
t158r47w5fi01,1872
t158r48w5fi01,1872
t158r49w5fi01,1872
t158r50w5fi01,1873
t159r25w5fi01,1906
t159r25w5fl02,1906
t159r26w5fi01,1893
t159r27w5fi01,1893
t159r28w5fi01,1898
t159r29w5fi01,1911
t159r30w5fi01,1899
t159r31w5fi01,1898
t159r32w5fi01,1900
t159r33w5fi01,1900
t159r34w5fi01,1905
t159r35w5fi01,1905
t159r36w5fi01,1905
t159r37w5fi01,1905
t159r38w5fi01,1905
t159r39w5fi01,1903
t159r39w5fi02,1903
t159r40w5fi01,1903
t159r40w5fi02,1903
t159r41w5fi01,1902
t159r42w5fi01,1904
t159r42w5hi02,1966
t159r43w5fi01,1877
t159r44w5fi01,1877
t159r45w5fi01,1877
t159r46w5fi01,1873
t159r47w5fi01,1873
t159r48w5fi01,1873
t159r49w5fi01,1873
t159r50w5fi01,1873
t160r25w5fi01,1893
t160r26w5fi01,1893
t160r27w5fi01,1893
t160r28w5fi01,1898
t160r29w5fi01,1898
t160r30w5fi01,1899
t160r31w5fi01,1903
t160r32w5fi01,1900
t160r33w5fi01,1900
t160r34w5fi01,1905
t160r35w5fi01,1905
t160r36w5fi01,1905
t160r37w5fi01,1905
t160r38w5fi01,1905
t160r39w5fi01,1895
t160r39w5fi02,1895
t160r40w5fi01,1895
t160r41w5fi01,1898
t160r42w5fi02,1901
t160r42w5hi01,1966
t160r43w5fi01,1877
t160r44w5fi01,1877
t160r45w5fi01,1877
t160r46w5fi01,1873
t160r47w5fi01,1873
t160r48w5fi01,1873
t160r49w5fi01,1873
t160r50w5fi01,1873
t161r30w5fi01,1899
t161r31w5fi01,1898
t161r32w5fi01,1896
t161r33w5fi01,1896
t161r34w5fi01,1896
t161r35w5fi01,1896
t161r36w5fi01,1896
t161r37w5fi01,1896
t161r38w5fi01,1896
t161r38w5fi02,1896
t161r39w5fi01,1892
t161r40w5fi01,1889
t161r41w5fi01,1889
t161r42w5fi01,1892
t161r43w5fi01,1877
t161r44w5fi01,1877
t161r45w5fi01,1878
t161r46w5fi01,1873
t161r47w5fi01,1873
t161r48w5fi01,1873
t161r49w5fi01,1873
t161r50w5fi01,1873
t162r31w5fi01,1896
t162r32w5fi01,1896
t162r33w5fi01,1896
t162r34w5fi01,1896
t162r35w5fi01,1896
t162r36w5fi01,1896
t162r37w5fi01,1896
t162r37w5fi02,1896
t162r38w5fi01,1902
t162r38w5fi02,1902
t162r39w5fi01,1902
t162r39w5fi02,1889
t162r40w5fi01,1889
t162r41w5fi01,1889
t162r42w5fi01,1892
t162r43w5fi01,1878
t162r44w5fi01,1878
t162r45w5fi01,1878
t162r46w5fi01,1873
t162r47w5fi01,1873
t162r48w5fi01,1873
t162r49w5fi01,1873
t162r50w5fi01,1873
t162r51w5fi01,1873
t163r33w5fi01,1896
t163r34w5fi01,1896
t163r35w5fi01,1895
t163r36w5fi01,1896
t163r36w5fi02,1896
t163r37w5fi01,1896
t163r37w5fi02,1896
t163r38w5fi01,1904
t163r39w5fi01,1890
t163r39w5fi02,1904
t163r40w5fi01,1890
t163r40w5fi02,1904
t163r41w5fi01,1890
t163r41w5fi02,1892
t163r42w5fi01,1892
t163r43w5fi01,1902
t163r44w5fi01,1902
t163r45w5fi01,1905
t163r46w5fi01,1875
t163r47w5fi01,1875
t163r48w5fi01,1875
t163r49w5fi01,1875
t163r50w5fi01,1875
t163r51w5fi01,1875
t164r33w5fi01,1896
t164r34w5fi01,1896
t164r36w5fi01,1904
t164r36w5fi02,1904
t164r36w5fs03,1957
t164r36w5fs04,1926
t164r37w5fi01,1904
t164r37w5fs02,1915
t164r38w5fi01,1904
t164r38w5fs02,1917
t164r39w5fi01,1904
t164r39w5fs02,1919
t164r40w5fi01,1904
t164r40w5fs02,1921
t164r41w5fi01,1892
t164r42w5fi01,1902
t164r43w5fi01,1902
t164r44w5fi01,1902
t164r44w5fs02,1917
t164r45w5fi01,1905
t164r45w5fs02,1918
t164r46w5fi02,1875
t164r46w5fs01,1932
t164r47w5fi01,1875
t164r48w5fi01,1875
t164r49w5fi01,1875
t164r50w5fi01,1875
t164r51w5fi01,1875
t165r32w5fl01,1963
t165r35w5fi01,1902
t166r32w5fi01,1902
t166r32w5fl02,1963
t166r33w5fi01,1902
t166r34w5fi01,1902
t166r35w5fi01,1902
t167r32w5fi01,1902
t167r33w5fi01,1902
t167r34w5fi01,1902
t167r35w5fi01,1902
t167r35w5fs02,1925
t168r33w5fi01,1902
t168r34w5fi01,1902
t168r35w5fi01,1902
t168r35w5fs02,1915
